id,page,label,level,issues,german_word,article,plural,english_translation,raw_german,raw_english,alt_german,ocr_score
ch1-001,1,1a UB,OK,,faulenzen,,,to lounge around,faulenzen,to lounge around,faulenzen,0.999
ch1-002,1,1a UB,OK,,giftig,,,poisonous,giftig,poisonous,giftig,0.998
ch1-003,1,1a UB,OK,,Himmel,der,die Himmel,sky,"der Himmel,",sky,"der Hmmel, -",0.987
ch1-004,1,1a UB,OK,,im Freien,,,outdoors,im Freien,outdoors,im Freien,0.997
ch1-005,1,1a UB,OK,,Insekt,das,die Insekten,insect,"das Insekt, -en",insect,"das Insękt, -en",0.956
ch1-006,1,1a UB,OK,,Netz,das,die Netze,net,"das Netz, -e (Er hat nachts ein Netz vor dem Zelt.)",net (He has a net in front of his tent at night.),"das Ntz, -e (Er hat nachts ein Netz vor dem Zelt.)",0.995
ch1-007,1,1a UB,OK,,Pilz,der,die Pilze,mushroom,"der Pilz, -e",mushroom,"der Plz, -e",0.955
ch1-008,1,1a UB,OK,,Schutz,der,,protection,der schutz (Sg.),protection,der Schtz (Sg.),0.963
ch1-009,1,1a UB,OK,,zelten,,,to camp,zelten,to camp,zęlten,0.998
ch1-010,1,2,OK,,angenehm,,,pleasant,angenehm,pleasant,ngenehm,1.0
ch1-011,1,2,OK,,Aussicht,die,die Aussichten,view,"die Aussicht, -en",view,"die Aussicht, -en",0.98
ch1-012,1,2,OK,,dabei sein,,,to be,dabei sein (für + A.) (Im Urlaub am Meer ist für jeden etwas dabei.),hier: to be (There's something for everyone during a holiday at the seaside.),dabei sein (für + A.) (Im Urlaub am Meer ist für jeden etwas dabei.),0.981
ch1-013,1,2,OK,,drüben,,,over there,drüben,over there,drüben,0.974
ch1-014,1,2,OK,,Erlebnis,das,die Erlebnisse,experience,"das Erlebnis, -se",experience,"das Erlebnis, -se",0.962
ch1-015,1,2,OK,,Genuss,der,,treat,der Genuss (Sg.),hier: treat,der Genss (Sg.),0.999
ch1-016,1,2,OK,,herrlich,,,glorious,herrlich,glorious,hęrrlich,1.0
ch1-017,1,2,OK,,Küste,die,die Küsten,coast,"die Küste, -n",coast,"die Kste, -n",0.974
ch1-018,1,2,OK,,reif,,,ripe,reif,ripe,reif,0.999
ch1-019,1,2,OK,,Sand,der,,sand,der Sand (Sg.),sand,der Snd (Sg.),0.972
ch1-020,1,2,OK,,Traube,die,die Trauben,grape,"die Traube, -n",grape,"die Traube, -n",0.991
ch1-021,1,2,WARN,WARN auto_corrected: 'Yrlaubsgruß' -> 'Urlaubsgruß' (checked with Wiktionary),Urlaubsgruß,der,die Urlaubsgrüße,greetings from abroad,"der YrlaubsgruB, ""-e",greetings from abroad,"der rlaubsgruß, ""-e",0.916
ch1-022,1,3b,OK,,"derselbe, dasselbe, dieselbe",,,the same,"derselbe, dasselbe, dieselbe",the same,"dersęlbe, dassęlbe, diesęlbe",1.0
ch1-023,1,3b,OK,,Entfernung,die,die Entfernungen,distance,"die Entfernung, -en",distance,"die Entfęrnung, -en",0.967
ch1-024,1,3b,OK,,Ferienhaus,das,die Ferienhäuser,holiday home,"das Ferienhaus, ""er",holiday home,"das Ferienhaus, ""-er",0.992
ch1-025,1,3b,OK,,gründlich,,,thorough,gründlich,thorough,grndlich,0.965
ch1-026,1,3b,OK,,rechtzeitig,,,on time,rechtzeitig,on time,ręchtzeitig,1.0
ch1-027,1,3b,OK,,schick,,,fancy,schick,fancy,schick,0.999
ch1-028,1,3b,OK,,Typ,der,die Typen,type,"der Typ, -en",type.,"der Typ, -en",0.914
ch1-029,1,3b,WARN,WARN auto_corrected: 'Rlaubstyp' -> 'Urlaubstyp' (checked with Wiktionary),Urlaubstyp,der,die Urlaubstypen,holiday type,"der rlaubstyp, -en",holiday type,"der rlaubstyp, -en",0.972
ch1-030,1,3b,OK,,Urlaubsziel,das,die Urlaubsziele,holiday destination,"das Urlaubsziel, -e",holiday destination,"das rlaubsziel, -e",0.948
ch1-031,1,4a,OK,,Chat,der,die Chats,chat,"der Chat, -s",chat,"der Cht, -s",0.985
ch1-032,1,4a,OK,,sich erholen,,,to relax,erholen (sich),to relax,erholen (sich),0.998
ch1-033,1,4a,OK,,Kompromiss,der,die Kompromisse,compromise,"der Kompromiss, -e",compromise,"der Kompromss, -e",0.988
ch1-034,1,4a,OK,,meinetwegen,,,fine with me,meinetwegen,fine with me,meinetwegen,0.996
ch1-035,1,4a,OK,,sorry,,,sorry,sorry (ugs.),sorry,srry (ugs.),0.999
ch1-036,1,4a,WARN,WARN auto_corrected: 'Rlaubsplanung' -> 'Urlaubsplanung' (checked with Wiktionary),Urlaubsplanung,die,die Urlaubsplanungen,holiday planning,"die rlaubsplanung, -en",holiday planning,"die rlaubsplanung, -en",0.971
ch1-037,1,4a,WARN,"WARN auto_corrected: 'wies' -> 'wieso' (second OCR model, longer reading)",wieso,,,why,wies,why,wieso,0.996
ch1-038,1,4a,OK,,zu,,,to,"zu (Ich habe keine Lust, lange nach einer Ferienwohnung zu suchen.)",to (I don't want to spend ages looking for a holiday home.),"zu (Ich habe keine Lust, lange nach einer Ferienwohnung zu suchen.)",0.989
ch1-039,1,5a,OK,,entspannend,,,relaxing,entspannend,relaxing,entspnnend,1.0
ch1-040,1,5c,OK,,erfahren,,,to learn,"erfahren, er erfáhrt, erfuhr, hat erfahren",to learn,"erfghren, er erfährt, erfuhr, hat erfghren",0.979
ch1-041,1,6a,OK,,Schifffahrt,die,die Schifffahrten,boat trip,"die Schifffahrt, -en",boat trip,"die Schfffahrt, -en",0.994
ch1-042,1,6a,OK,,Wellnesshotel,das,die Wellnesshotels,spa hotel,"das Wellnesshotel, -s",spa hotel,"das Węllnesshotel, -s",0.998
ch1-043,2,7,OK,,ca.,,,approx. (approximately),ca.,approx. (approximately),ca.,0.999
ch1-044,2,7,OK,,enthalten sein,,,to be included,enthalten sein (in + D.),to be included,enthlten sein (in + D.),0.989
ch1-045,2,7,OK,,Fahrtzeit,die,die Fahrtzeiten,travel time,"die Fahrtzeit, -en",travel time,"die Fahrtzeit, -en",0.996
ch1-046,2,7,OK,,Gästehaus,das,die Gästehäuser,guest house,"das Gästehaus, ""-er",guest house,"das Gstehaus, ""-er",0.949
ch1-047,2,7,OK,,Halbpension,die,,half board,die Halbpension (Sg.),half board,die Hlbpension (Sg.),0.977
ch1-048,2,7,OK,,höchstens,,,at the most,höchstens,at the most,höchstens,0.981
ch1-049,2,7,OK,,Reisebüro-Mitarbeiter,der,die Reisebüro-Mitarbeiter,travel agent (m),"der Reisebüro-Mitarbeiter, -",travel agent (m),"der Reisebüro-Mitarbeiter, -",0.967
ch1-050,2,7,OK,,Reisebüro-Mitarbeiterin,die,die Reisebüro-Mitarbeiterinnen,travel agent (f),"die Reisebüro-Mitarbeiterin, -nen",travel agent (f),"die Reisebüro-Mitarbeiterin, -nen",0.981
ch1-051,2,7,OK,,Skibus,der,die Skibusse,ski bus,"der Skibus, -se",ski bus,"der Skibus, -se",0.985
ch1-052,2,7,OK,,Skigebiet,das,die Skigebiete,ski resort,"das Skigebiet, -e",ski resort,"das Skigebiet, -e",0.983
ch1-053,2,7,OK,,Skilift,der,die Skilifte,ski lift,"der Skilift, -e",ski lift,"der Skilift, -e",0.996
ch1-054,2,7,OK,,Vollpension,die,,full board,die Vollpension (Sg.),full board,die Vllpension (Sg.),0.987
ch1-055,2,7,OK,,Wellness-Bereich,der,die Wellness-Bereiche,spa area,"der Wellness-Bereich, -e",spa area,"der Węllness-Bereich, -e",0.962
ch1-056,2,7,OK,,Winterurlaub,der,die Winterurlaube,winter holiday,"der Winterurlaub, -e",winter holiday,"der Wnterurlaub, -e",0.977
ch1-057,2,8b,OK,,Badewanne,die,die Badewannen,bathtub,"die Badewanne, -n",bathtub,"die Badewanne, -n",0.993
ch1-058,2,8b,OK,,Boot,das,die Boote,boat,"das Boot, -e",boat,"das Boot, -e",0.93
ch1-059,2,8b,OK,,da,,,as,"da (Da Rothenburg so bekannt ist, kommen viele Touristen in die Stadt.)","hier: as (As Rothenburg is so well known, many tourists come into this town.)","da (Da Rothenburg so bekannt ist, kommen viele Touristen in die Stadt.)",0.99
ch1-060,2,8b,OK,,Einfall,der,die Einfälle,idea,"der Einfall, ""e",idea,"der Einfall, ""-e",0.994
ch1-061,2,8b,WARN,WARN auto_corrected: 'enttáuscht' -> 'enttäuscht' (checked with Wiktionary),enttäuscht,,,disappointed,enttáuscht,disappointed,enttäuscht,0.935
ch1-062,2,8b,OK,,Forumstext,der,die Forumstexte,texts in the forum,"der Forumstext, -e",texts in the forum,"der Forumstext, -e",0.986
ch1-063,2,8b,OK,,jedenfalls,,,in any case,jedenfalls,in any case,jedenflls,0.992
ch1-064,2,8b,OK,,liegen,,,to be in the lead,"liegen, er liegt, lag, hat gelegen (In Umfragen liegen meistens groBe Städte vorn.)",hier: to be in the lead (Big cities are usually in the lead in surveys.),"liegen, er liegt, lag, hat gelegen (In Umfragen liegen meistens große Städte vorn.)",0.962
ch1-065,2,8b,OK,,obwohl,,,although/even though,obwohl,although/even though,obwohl,0.995
ch1-066,2,8b,OK,,offenbar,,,obvious,offenbar,obvious,offenbar,0.998
ch1-067,2,8b,OK,,"solche, solchen",,,such,"solche, solchen",such,"solche, solchen",0.998
ch1-068,2,8b,OK,,spazieren,,,to go for a walk,spazieren,to go for a walk,spazieren,1.0
ch1-069,2,8b,OK,,Stadtatmosphäre,die,,city atmosphere,die Stadtatmosphäre (Sg.),city atmosphere,die Stdtatmosphäre (Sg.),0.983
ch1-070,2,8b,OK,,Strandpromenade,die,die Strandpromenaden,beach side promenade,"die Strandpromenade, -n",beach side promenade,"die Strndpromenade, -n",0.996
ch1-071,2,8b,OK,,weg sein,,,to be gone,weg sein,to be gone,węg sein,0.999
ch1-072,2,8c,OK,,Strandurlaub,der,die Strandurlaube,holiday at the beach,"der Strandurlaub, -e",holiday at the beach,"der Strndurlaub, -e",0.955
ch1-073,2,9a,OK,,Abenteuer,das,die Abenteuer,adventure,"das Abenteuer, -",adventure,"das Abenteuer, -",0.996
ch1-074,2,9a,OK,,aufbauen,,,to build,aufbauen,to build,auf|bauen,0.989
ch1-075,2,9a,OK,,Bild-Geschichte,die,,picture story,"die Bild-Geschichte, -n Bock (Sg. ohne Artikel, ugs.) (keinen Bock hier: to feel like (to not feel like something) mehr auf etwas haben)",picture story,"die Bld-Geschichte, -n Bck (Sg. ohne Artikel, ugs.) (keinen Bock hier: to feel like (to not feel like something) mehr auf etwas haben)",0.969
ch1-076,2,9a,OK,,brennen,,,to burn,"brennen, er brennt, brannte, hat gebrannt",to burn,"brnnen, er brnnt, brnnte, hat gebrnnt",0.992
ch1-077,2,9a,OK,,Eimer,der,die Eimer,spout,"der Eimer, - (Es regnet! Der ganze Ausflug ist im Eimer!)",übersetzung in etwa hier: spout (It's raining! The whole excursion is up the spout!),"der Eimer, - (Es regnet! Der ganze Ausflug ist im Eimer!)",0.988
ch1-078,2,9a,OK,,Kofferraum,der,die Kofferräume,car boot,"der Kofferraum,""e",car boot,"der Kofferraum, ""-e",0.987
ch1-079,2,9a,OK,,mehrfach,,,repeatedly,mehrfach,repeatedly,mehrfach,0.999
ch1-080,2,9a,WARN,WARN auto_corrected: 'schieflgehen' -> 'schiefgehen' (checked with Wiktionary),schiefgehen,,,to go wrong,"schieflgehen, es geht schief, ging schief, ist schiefgegangen",to go wrong,"schieflgehen, es geht schief, ging schief, ist schiefgegangen",0.99
ch1-081,2,9a,OK,,tragen,,,to carry,"tragen, er trágt, trug, hat getragen (Gepäck zum Auto tragen)",to carry (to carry luggage to the car),"tragen, er trägt, trug, hat getragen (Gepäck zum Auto tragen)",0.979
ch1-082,2,9a,OK,,verzweifelt,,,desperate,verzweifelt,desperate,verzweifelt,1.0
ch1-083,2,9a,OK,,Wiese,die,die Wiesen,meadow,"die Wiese, -n",meadow,"die Wiese, -n",0.96
ch1-084,2,9a,OK,,Zeug,das,,stuff,das Zeug (Sg.),stuff,das Zeug (Sg.),0.986
ch1-085,2,9c,OK,,fest machen,,,to fasten,fest machen,to fasten,fst machen,1.0
ch1-086,2,9c,OK,,Perspektive,die,die Perspektiven,perspective,"die Perspektive, -n",perspective,"die Perspektive, -n",0.995
ch1-087,3,10c,OK,,diktieren,,,to dictate,diktieren,to dictate,diktieren,1.0
ch1-088,3,11a,OK,,auf,,,up (Listen up!),auf (Ohren auf!),hier: up (Listen up!),auf (Ohren auf!),0.999
ch1-089,3,11a,OK,,ICE,der,die ICEs,ICE,"der ICE, -s",ICE,"der ICE, -S",0.986
ch1-090,3,11a,OK,,Zugnummer,die,die Zugnummern,train number,"die Zugnummer, -n",train number,"die Zugnummer, -n",0.994
ch1-091,3,12b,OK,,Bushaltestelle,die,die Bushaltestellen,bus stop,"die Bushaltestelle, -n",bus stop,"die Bshaltestelle, -n",0.996
ch1-092,3,12b,OK,,Gepäckband,das,die Gepäckbänder,baggage conveyor belt,"das Gepäckband, ""-er",baggage conveyor belt,"das Gepäckband, ""-er",0.947
ch1-093,3,12b,WARN,WARN ocr_low_confidence: OCR confidence 0.63 < 0.85,Tiergarten,der,die Tiergärten,z00,"der Tiergarten, ""-",z00,"der Tiergarten, """"",0.63
ch1-094,3,12c,OK,,Hauptbahnhof,der,die Hauptbahnhöfe,central station,"der Hauptbahnhof, ""-e",central station,"der Hauptbahnhof, ""-e",0.984
ch1-095,3,13a,OK,,Alm,die,die Almen,alpine pasture (alp),"die Alm, -en",alpine pasture (alp),"die Alm, -en",0.949
ch1-096,3,13a,OK,,Almsommer,der,die Almsommer,summer on the alp,"der Almsommer, -",summer on the alp,"der Almsommer, -",0.979
ch1-097,3,13a,OK,,Almurlaub,der,die Almurlaube,holiday on the alp,"der Almurlaub, -e",holiday on the alp,"der Almurlaub, -e",0.951
ch1-098,3,13a,WARN,WARN english_spelling: unknown English word(s): enthusiatic,begeistert,,,enthusiatic,begeistert,enthusiatic,begeistert,0.999
ch1-099,3,13a,OK,,beinahe,,,almost,beinahe,almost,beinahe,0.999
ch1-100,3,13a,OK,,eher,,,rather,eher (Insgesamt ist es eher einsam hier auf der Alm.),"rather (All in all, it's more lonely here on the alp.)",eher (Insgesamt ist es eher einsam hier auf der Alm.),0.987
ch1-101,3,13a,OK,,Einsamkeit,die,,solitude,die Einsamkeit (Sg.),solitude,die Einsamkeit (Sg.),0.957
ch1-102,3,13a,OK,,Empfang,der,,reception,der Empfang (Sg.) (Hier auf dem Berg gibt es keinen Empfang für Handys.),reception (There's no phone reception here on the mountain.),der Empfng (Sg.) (Hier auf dem Berg gibt es keinen Empfang für Handys.),0.977
ch1-103,3,13a,OK,,sich entschließen,,,to decide,"entschlieBen (sich) (zu + D.), er entschlieBt, entschloss, hat entschlossen",to decide,"entschließen (sich) (zu + D.), er entschließt, entschlss, hat entschlssen",0.987
ch1-104,3,13a,OK,,erholt,,,"relaxed, recovered",erholt,"relaxed, recovered",erholt,0.986
ch1-105,3,13a,OK,,sich erkälten,,,to have a cold,erkälten (sich),to have a cold,erklten (sich),0.963
ch1-106,3,13a,OK,,falls,,,in case,falls,in case,falls,0.936
ch1-107,3,13a,OK,,Gebirge,das,die Gebirge,"mountains, mountain range","das Gebirge, -","mountains, mountain range","das Gebirge, -",0.988
ch1-108,3,13a,OK,,gegen heimlfahren,,,around,"gegen (Wir treffen uns gegen 8 Uhr, okay?) heimlfahren, er fährt heim, fuhr heim, istto go home heimgefahren","hier: around (We'll meet at around 8 o'clock, okay?)","gegen (Wir treffen uns gegen 8 Uhr, okay?) heim|fahren, er fährt heim, fuhr heim, ist to go home heimgefahren",0.94
ch1-109,3,13a,OK,,Heimweh,das,,homesickness,das Heimweh (Sg.),homesickness,das Heimweh (Sg.),0.992
ch1-110,3,13a,OK,,hierher,,,here,hierher,here,hierher,0.999
ch1-111,3,13a,OK,,Hütte,die,die Hütten,hut/lodge,"die Hütte, -n",hut/lodge,"die Htte, -n",0.982
ch1-112,3,13a,OK,,Käserei,die,die Käsereien,cheese factory,"die Käserei, -en",cheese factory,"die Käserei, -en",0.941
ch1-113,3,13a,OK,,melken,,,to milk,melken,to milk,męlken,0.999
ch1-114,3,13a,OK,,momentan,,,at the moment,momentan,at the moment,momentan,0.999
ch1-115,3,13a,OK,,Neuigkeit,die,die Neuigkeiten,news,"die Neuigkeit, -en",news,"die Neuigkeit, -en",0.984
ch1-116,3,13a,OK,,Rückblick,der,die Rückblicke,review,"der Rückblick, -e",review,"der Rckblick, -e",0.981
ch1-117,3,13a,OK,,Sonnenaufgang,der,die Sonnenaufgänge,sunrise,"der Sonnenaufgang, ""-e",sunrise,"der Sonnenaufgang, ""-e",0.976
ch1-118,3,13a,OK,,Terminkalender,der,die Terminkalender,diary,"der Terminkalender, -",diary,"der Terminkalender, -",0.975
ch1-119,3,13a,OK,,vorbei sein,,,to be over,vorbei sein,to be over,vorbei sein,0.974
ch1-120,3,13a,OK,,Zeitpunkt,der,die Zeitpunkte,time (point in),"der Zeitpunkt, -e",(point in) time,"der Zeitpunkt, -e",0.961
ch1-121,3,13b,OK,,Almaufenthalt,der,die Almaufenthalte,visit to an alp,"der Almaufenthalt, -e",visit to an alp,"der Almaufenthalt, -e",0.991
ch1-122,3,13b,WARN,WARN auto_corrected: 'mitlarbeiten' -> 'mitarbeiten' (checked with Wiktionary),mitarbeiten,,,to assist,mitlarbeiten,to assist,mit|arbeiten,0.991
ch1-123,3,13c,OK,,Ferienclub,der,die Ferienclubs,holiday club,"der Ferienclub, -s",holiday club,"der Ferienclub, -s",0.99
ch1-124,3,13c,OK,,Olivenbaum,der,die Olivenbäume,olive tree,"der Olivenbaum, ""-e",olive tree,"der Olivenbaum, ""-e",0.985
ch1-125,3,13c,OK,,Weihnachtsferien,die,die Weihnachtsferien,Christmas holidays,die Weihnachtsferien (Pl.),Christmas holidays,die Weihnachtsferien (Pl.),0.984
ch1-126,3,13c,OK,,"k&k die Abneigung, -en",,,dislike,"k&k die Abneigung, -en",dislike,"k&k die Abneigung, -en",0.967
ch1-127,3,13c,OK,,Kausalsatz,der,die Kausalsätze,causal clause,"der Kausalsatz, ""e",causal clause,"der Kausalsatz, ""-e",0.959
ch1-128,3,13c,OK,,Konzessivsatz,der,die Konzessivsätze,concessive clause,"der Konzessivsatz,""e",concessive clause,"der Konzessivsatz, ""-e",0.995
ch2-001,4,1a,OK,,benötigen,,,to need,benötigen,to need,benötigen,0.978
ch2-002,4,1a,OK,,Fingerabdruck,der,die Fingerabdrücke,finger print,"der Fingerabdruck,""e",finger print,"der Fngerabdruck, ""-e",0.992
ch2-003,4,1a,OK,,Funkkopfhörer,der,die Funkkopfhörer,wireless headphones,"der Funkkopfhörer, -",wireless headphones,"der Fnkkopfhörer, -",0.978
ch2-004,4,1a,OK,,Lastenfahrrad,das,die Lastenfahrräder,freight bicycle,"das Lastenfahrrad, ""-er",freight bicycle,"das Lstenfahrrad, ""-er",0.99
ch2-005,4,1a,OK,,Sprachassistent,der,die Sprachassistenten,language assistant,"der Sprachassistent, -en",language assistant,"der Sprachassistent, -en",0.99
ch2-006,4,1a,OK,,Steh-Sitz-Tisch,der,die Steh-Sitz-Tische,stand-sit-table,"der Steh-Sitz-Tisch, -e",stand-sit-table,"der Steh-Sitz-Tisch, -e",0.981
ch2-007,4,1a,OK,,Türöffner,der,die Türöffner,door opener,"der Türöffner, -",door opener,"der Türöffner, -",0.943
ch2-008,4,1b,OK,,Slogan,der,die Slogans,slogan,"der Slogan, -s",slogan,"der Slogan, -s",0.985
ch2-009,4,1b,OK,,Taste,die,die Tasten,key,"die Taste, -n",key,"die Tste, -n",0.988
ch2-010,4,1b,WARN,WARN plural_mismatch: plural 'die Transport' but Wiktionary has: Transporte,Transport,der,die Transport,transport,"der Transport, -",transport,"der Transport, -e",0.964
ch2-011,4,1b UB,WARN,WARN auto_corrected: 'anlschließen' -> 'anschließen' (checked with Wiktionary),anschließen,,,to connect,"anlschlieBen, er schlieBt an, schloss an, hat angeschlossen (Er schlieBt den Lautsprecher an den Laptop an.)",hier: to connect (He connects the speaker to the laptop.),"n|schließen, er schließt n, schloss n, hat ngeschlossen (Er schließt den Lautsprecher an den Laptop an.)",0.967
ch2-012,4,1b UB,WARN,WARN auto_corrected: 'auflladen' -> 'aufladen' (checked with Wiktionary),aufladen,,,to charge,"auflladen, er ládt auf, lud auf, hat aufgeladen",to charge,"auf|laden, er lädt auf, lud auf, hat aufgeladen",0.986
ch2-013,4,1b UB,OK,,bedienen,,,to use,bedienen,to use,bedienen,1.0
ch2-014,4,1b UB,WARN,WARN auto_corrected: 'einlsetzen' -> 'einsetzen' (checked with Wiktionary),einsetzen,,,to insert,einlsetzen (eine Batterie ins Handy einsetzen),to insert (to insert a battery into the mobile phone),ein|setzen (eine Batterie ins Handy einsetzen),0.98
ch2-015,4,1b UB,WARN,WARN auto_corrected: 'einlstecken' -> 'einstecken' (checked with Wiktionary),einstecken,,,to plug (in),einlstecken,to plug (in),ein|stecken,0.936
ch2-016,4,1b UB,OK,,installieren,,,to install,installieren,to install,installieren,0.999
ch2-017,4,1b UB,OK,,schalten,,,to switch,schalten (das Handy stumm schalten),to switch (In etwa: to mute the phone),schlten (das Handy stumm schalten),0.994
ch2-018,4,1b UB,OK,,stumm,,,mute,stumm (das Handy stumm schalten),mute (to mute the phone),stmm (das Handy stumm schalten),0.975
ch2-019,4,3a,OK,,Anleitung,die,die Anleitungen,instruction,"die Anleitung, -en",instruction,"die Anleitung, -en",0.993
ch2-020,4,3a,OK,,sich anschaffen,,,to get,anschaffen (sich),to get,n|schaffen (sich),0.97
ch2-021,4,3a,OK,,bloß,,,only,bloB,only,bloß,0.931
ch2-022,4,3a,OK,,Frage,die,die Fragen,question,"die Frage, -n (vor einer Frage stehen)",question (to be confronted with a question),"die Frage, -n (vor einer Frage stehen)",0.987
ch2-023,4,3a,OK,,Handyladen,der,die Handyläden,mobile phone shop,"der Handyladen, ""-",mobile phone shop,"der Hndyladen, ""-",0.97
ch2-024,4,3a,WARN,WARN auto_corrected: 'herunterlfallen' -> 'herunterfallen' (checked with Wiktionary),herunterfallen,,,to fall,"herunterlfallen, er fällt herunter, fiel herunter, ist heruntergefallen",to fall,"hernter|fallen, er fällt hernter, fiel hernter, ist herntergefallen",0.983
ch2-025,4,3a,OK,,irgendetwas,,,something,irgendetwas,something,rgendętwas,0.941
ch2-026,4,3a,WARN,WARN auto_corrected: 'kaputtlgehen' -> 'kaputtgehen' (checked with Wiktionary),kaputtgehen,,,to break to be worth it,"kaputtlgehen, er geht kaputt, ging kaputt, ist kaputtgegangen kommen, er kommt, kam, ist gekommen to come (to come onto the market (auf den Markt kommen) lohnen (sich)",to break to be worth it,"kaptt|gehen, er geht kaptt, ging kaptt, ist kapttgegangen kmmen, er kmmt, kam, ist gekmmen to come (to come onto the market) (auf den Markt kommen) Lohnen (sich)",0.98
ch2-027,4,3a,OK,,Sonderangebot,das,die Sonderangebote,special offer,"das Sonderangebot, -e",special offer,"das Sonderangebot, -e",0.975
ch2-028,4,3a,OK,,Staubsauger,der,die Staubsauger,vacuum cleaner,"der Staubsauger, -",vacuum cleaner,"der Staubsauger, -",0.965
ch2-029,4,3a,OK,,stehen,,,to be confronted with,"stehen, er steht, stand, hat gestanden (vor einer Frage stehen)",hier: to be confronted with (to be confronted with a question),"stehen, er steht, stnd, hat gestnden (vor einer Frage stehen)",0.983
ch2-030,4,3a,OK,,technisch,,,technical,technisch,technical,tęchnisch,1.0
ch2-031,4,3e,OK,,Knopf,der,die Knöpfe,button,"der Knopf, ""-e",button,"der Knopf, ""-e",0.976
ch2-032,4,3e,WARN,WARN ocr_low_confidence: OCR confidence 0.83 < 0.85,nähen,,,to sew,nähen,to sew,nähen,0.829
ch2-033,4,3e,OK,,reinigen,,,to clean,reinigen,to clean,reinigen,0.963
ch2-034,4,3e,OK,,streichen,,,to paint,"streichen, er streicht, strich, hat gestrichen",to paint,"streichen, er streicht, strich, hat gestrchen",0.998
ch2-035,4,4a,OK,,Kopfhörer,der,die Kopfhörer,headphones,"der Kopfhörer, -",headphones,"der Kpfhörer, -",0.966
ch2-036,4,4a,OK,,Ladekabel,das,die Ladekabel,charger,"das Ladekabel, -",charger,"das Ladekabel, -",0.944
ch2-037,5,4a,WARN,WARN english_spelling: unknown English word(s): powerbank,Powerbank,die,die Powerbanks,powerbank,"die Powerbank, -s",powerbank,"die Powerbank, -s",0.986
ch2-038,5,4b,OK,,daher,,,therefore,daher,therefore,daher,1.0
ch2-039,5,4b,OK,,darum ) deswegen,,,that's why,"darum (Max' Lautsprecher geht nicht, darum lásst er ihn reparieren.)) deswegen","that's why (Max's speaker doesn't work anymore, that's why he's getting it repaired. therefore","darm (Max' Lautsprecher geht nicht, darum lässt er ihn reparieren.) dęswegen",0.977
ch2-040,5,4b,OK,,Handyakku,der,die Handyakkus,mobile phone battery,"der Handyakku, -s",mobile phone battery,"der Hndyakku, -s",0.986
ch2-041,5,4b,ERROR,"ERROR unknown_word: 'ssipos' not in Wiktionary; did you mean: assipos, ossipos",ssipos,,,so that,ssipos,so that,ssòpos,0.922
ch2-042,5,4b,OK,,Stick,der,die Sticks,USB,"der Stick, -s",USB,"der Stck, -s",0.995
ch2-043,5,5a UB,WARN,WARN auto_corrected: 'anlhaben' -> 'anhaben' (checked with Wiktionary),anhaben,,,to wear,"anlhaben, er hat an, hatte an, hat angehabt",to wear,"n|haben, er hat n, hatte n, hat ngehabt",0.987
ch2-044,5,5a UB,WARN,WARN auto_corrected: 'an/schalten' -> 'anschalten' (checked with Wiktionary),anschalten,,,to switch on,an/schalten,to switch on,n|schalten,0.957
ch2-045,5,5a UB,WARN,WARN english_spelling: unknown English word(s): sth,dabeihaben,,,to have sth with oneself,dabeihaben,to have sth with oneself,dabei|haben,0.987
ch2-046,5,5a UB,OK,,diesmal,,,this time,diesmal,this time,diesmal,0.942
ch2-047,5,5a UB,OK,,EC-Karte,die,die EC-Karten,debit card,"die EC-Karte, -n",debit card,"die EC-Karte, -n",0.994
ch2-048,5,5a UB,OK,,Gebrauchsanweisung,die,die Gebrauchsanweisungen,instructions,"die Gebrauchsanweisung, -en",instructions,"die Gebrauchsanweisung, -en",0.983
ch2-049,5,5a UB,OK,,Geheimzahl,die,die Geheimzahlen,PIN,"die Geheimzahl, -en",PIN,"die Geheimzahl, -en",0.988
ch2-050,5,5a UB,OK,,Geldautomat,der,die Geldautomaten,ATM (automatic teller machine),"der Geldautomat, -en",ATM (automatic teller machine),"der Gęldautomat, -en",0.987
ch2-051,5,5a UB,WARN,"WARN plural_mismatch: plural 'die Girokontokonten' but Wiktionary has: Girokonten, Girokontos, Girokonti",Girokonto,das,die Girokontokonten,checking account,"das Girokonto, -konten",checking account,"das Girokonto, -konten",0.985
ch2-052,5,5a UB,OK,,gratis,,,free,gratis,free,gratis,1.0
ch2-053,5,5a UB,WARN,WARN auto_corrected: 'nach/sehen' -> 'nachsehen' (checked with Wiktionary),nachsehen,,,to have a look,"nach/sehen, er sieht nach, sah nach, hat nachgesehen",to have a look,"nach|sehen, er sieht nach, sah nach, hat nachgesehen",0.969
ch2-054,5,5a UB,OK,,Portemonnaie,das,die Portemonnaies,wallet,"das Portemonnaie, -s",wallet,"das Portemonnaie, -S",0.991
ch2-055,5,5a UB,OK,,Rabatt,der,die Rabatte,discount,"der Rabatt, -e",discount,"der Rabtt, -e",0.975
ch2-056,5,5a UB,OK,,rein,,,pure,"rein (Es war reines Glück, dass ich mein Handy wieder gefunden habe.)","pure (It was pure luck, that I found my mobile phone again.)","rein (Es war reines Glück, dass ich mein Handy wieder gefunden habe.)",0.984
ch2-057,5,5a UB,OK,,verraten,,,to reveal,"verraten, er verrát, verriet, hat verraten",to reveal,"verraten, er verrät, verriet, hat verraten",0.982
ch2-058,5,5a UB,ERROR,ERROR unknown_word: 'zurúcklgehen' not in Wiktionary,zurúcklgehen,,,to go back,"zurúcklgehen, er geht zurück, ging zurück, ist zurückgegangen",to go back,"zurck|gehen, er geht zurck, ging zurck, ist zurckgegangen",0.961
ch2-059,5,5a UB,ERROR,ERROR unknown_word: 'zurúckzahlen' not in Wiktionary,zurúckzahlen,,,to pay back,zurúckzahlen,to pay back,zurck|zahlen,0.955
ch2-060,5,5b,OK,,Garantie,die,die Garantien,warranty,"die Garantie, -n",hier: warranty,"die Garantie, -n",0.977
ch2-061,5,5b,OK,,laden,,,to charge,"laden, er lädt, lud, hat geladen (Mein Handy ist fast leer, ich muss es laden.)","hier: to charge (My mobile phone is almost empty, I need to charge it.)","laden, er lädt, lud, hat geladen (Mein Handy ist fast leer, ich muss es laden.)",0.972
ch2-062,5,5b,OK,,Quittung,die,die Quittungen,receipt,"die Quittung, -en",receipt,"die Quttung, -en",0.98
ch2-063,5,5b,OK,,reklamieren,,,to complain/exchange,reklamieren,to complain/exchange,reklamieren,0.963
ch2-064,5,5c,OK,,testen,,,to test,testen,to test,tęsten,1.0
ch2-065,5,6a,OK,,Technologie,die,die Technologien,technology,"die Technologie, -n",technology,"die Technologie, -n",0.976
ch2-066,5,6a,OK,,Vorstellung,die,die Vorstellungen,idea/suggestion,"die Vorstellung, -en (Hast du eine Vorstellung, wie eine smarte Wohnung aussieht?)",hier: idea/suggestion (Do you have an idea what a smart flat looks like?),"die Vorstellung, -en (Hast du eine Vorstellung, wie eine smarte Wohnung aussieht?)",0.986
ch2-067,5,6b,OK,,Alarmanlage,die,die Alarmanlagen,alarm (system),"die Alarmanlage, -n",alarm (system),"die Alrmanlage, -n",0.975
ch2-068,5,6b,OK,,Ausnahme,die,die Ausnahmen,exception,"die Ausnahme, -n",exception,"die Ausnahme, -n",0.968
ch2-069,5,6b,OK,,bemerken,,,to notice,bemerken,to notice,bemęrken,1.0
ch2-070,5,6b,OK,,bereits,,,already,bereits,already,bereits,0.999
ch2-071,5,6b,OK,,berühren,,,to touch,berühren,to touch,berühren,0.98
ch2-072,5,6b,OK,,Einbruch,der,die Einbrüche,break-in,"der Einbruch, ""-e",break-in,"der Einbruch, ""-e",0.97
ch2-073,5,6b,OK,,gleichzeitig,,,simultaneous,gleichzeitig,simultaneous,gleichzeitig,0.978
ch2-074,5,6b,OK,,Haustür,die,die Haustüren,front door,"die Haustür, -en",front door,"die Haustür, -en",0.958
ch2-075,5,6b,WARN,WARN auto_corrected: 'hinlsehen' -> 'hinsehen' (checked with Wiktionary),hinsehen,,,to look,"hinlsehen, er sieht hin, sah hin, hat hingesehen",to look,"hn|sehen, er sieht hn, sah hn, hat hingesehen",0.951
ch2-076,5,6b,OK,,Jalousie,die,die Jalousien,shutter,"die Jalousie, -n",shutter,"die Jalousie, -n",0.996
ch2-077,5,6b,OK,,machen,,,to make,machen (zu + D.) (Wir haben die Wohnung zu einem Smart Home gemacht.),to make (We made the flat into a smart home.),mchen (zu + D.) (Wir haben die Wohnung zu einem Smart Home gemacht.),0.94
ch2-078,6,6b,OK,,Magazin,das,die Magazine,magazine,"das Magazin, -e",magazine,"das Magazin, -e",0.987
ch2-079,6,6b,OK,,Monitor,der,die Monitoren,monitor,"der Monitor, -en",monitor,"der Monitor, -en",0.997
ch2-080,6,6b,OK,,Neubau,der,die Neubauten,new building,"der Neubau, -ten",new building,"der Neubau, -ten",0.987
ch2-081,6,6b,WARN,"WARN plural_missing: noun has a comma but no plural code (OCR may have dropped it); WARN plural_filled: plural missing in OCR, filled from Wiktionary: die Nutzungen",Nutzung,die,die Nutzungen,usage,"die Nutzung, -en sicher (Durch die Alarmanlage fühlen sich safe (The inhabitants feel safe because of the",usage,"die Ntzung, -en scher (Durch die Alarmanlage fühlen sich safe (The inhabitants feel safe because of the",0.985
ch2-082,6,6b,OK,,Bewohner sicher.),die,,alarm system.),die Bewohner sicher.),alarm system.),die Bewohner sicher.),0.995
ch2-083,6,6b,OK,,smart,,,smart,smart,smart,smrt,1.0
ch2-084,6,6b,OK,,Smart Home,das,die Smart Homes,smart home,"das Smart Home, -s",smart home,"das Smart Home, -s",0.966
ch2-085,6,6b,OK,,steuern,,,to control,steuern,to control,steuern,0.995
ch2-086,6,6b,OK,,Tagesablauf,der,die Tagesabläufe,daily routine,"der Tagesablauf, ""-e",daily routine,"der Tagesablauf, ""-e",0.993
ch2-087,6,6b,OK,,Videonachricht,die,die Videonachrichten,video message,"die Videonachricht, -en",video message,"die Videonachricht, -en",0.996
ch2-088,6,6b,OK,,Wand,die,die Wände,wall,"die Wand, ""-e",wall,"die Wnd, ""-e",0.958
ch2-089,6,6b,OK,,Zentrale,die,die Zentralen,headquarters,"die Zentrale, -n",headquarters,"die Zentrale, -n",0.997
ch2-090,6,6c,OK,,kommen,,,to come,"kommen, er kommt, kam, ist gekommen (zu Besuch kommen)",to come (to come for a visit),"kmmen, er kmmt, kam, ist gekmmen (zu Besuch kommen)",0.989
ch2-091,6,6c,OK,,wessen,,,whose,wessen,whose,węssen,0.999
ch2-092,6,6c,OK,,zu Besuch kommen,,,to come for a visit,zu Besuch kommen,to come for a visit,zu Besuch kommen,0.983
ch2-093,6,6d,WARN,WARN auto_corrected: 'anIpassen' -> 'anpassen' (checked with Wiktionary),anpassen,,,to adjust,anIpassen (an + A.),to adjust,n|passen (an + A.),0.925
ch2-094,6,6d,WARN,WARN auto_corrected: 'ein/schalten' -> 'einschalten' (checked with Wiktionary),einschalten,,,to switch on,ein/schalten,to switch on,ein|schalten,0.958
ch2-095,6,6d,WARN,WARN english_spelling: unknown English word(s): tech,Hightech,,,high tech,Hightech (Sg. ohne Artikel),high tech,Hightech (Sg. ohne Artikel),0.95
ch2-096,6,7a,OK,,geschehen,,,to happen,"geschehen, er geschieht, geschah, ist geschehen",to happen,"geschehen, er geschieht, geschah, ist geschehen",0.999
ch2-097,6,7a,OK,,sich leisten,,,to afford,leisten (sich),to afford,leisten (sich),0.955
ch2-098,6,7a,OK,,Sorge,die,die Sorgen,worry,"die Sorge, -n (Ich mache mir so viele Sorgen um meine Kinder.)",worry (I worry so much about my children.),"die Sorge, -n (Ich mache mir so viele Sorgen um meine Kinder.)",0.98
ch2-099,6,7a,ERROR,WARN ocr_low_confidence: OCR confidence 0.77 < 0.85; ERROR unknown_word: 'zo' not in Wiktionary,zo,,,despite,(9 +) zo,despite,tr t z),0.765
ch2-100,6,7a,OK,,wegen,,,because of,wegen (+ G.),because of,wegen (+ G.),0.977
ch2-101,6,7b,OK,,entsprechen,,,to correspond,"entsprechen, er entspricht, entsprach, hat entsprochen",to correspond,"entspręchen, er entsprcht, entsprach, hat entsprchen",0.999
ch2-102,6,7c,OK,,Einkaufsliste,die,die Einkaufslisten,shopping list,"die Einkaufsliste, -n",shopping list,"die Einkaufsliste, -n",0.995
ch2-103,6,7c,OK,,sparsam,,,frugal/economical,sparsam,frugal/economical,sparsam,0.999
ch2-104,6,7c,OK,,von Hand,,,by hand,von Hand,by hand,von Hnd,1.0
ch2-105,6,7d,OK,,Gefahr,die,die Gefahren,danger,"die Gefahr, -en",danger,"die Gefghr, -en",0.934
ch2-106,6,9b,OK,,Werbeanzeige,die,die Werbeanzeigen,advertisement,"die Werbeanzeige, -n",advertisement,"die Wrbeanzeige, -n",0.944
ch2-107,6,9c,OK,,ansprechend,,,appealing,ansprechend,appealing,nsprechend,1.0
ch2-108,6,9c,OK,,unmodern,,,unfashionable,unmodern,unfashionable,nmodern,0.999
ch2-109,6,9c,OK,,unverständlich,,,incomprehensible,unverständlich,incomprehensible,nverständlich,0.962
ch2-110,6,9c,OK,,P6 ausgezeichnet,,,excellent,P6 ausgezeichnet,excellent,p6 ausgezeichnet,1.0
ch2-111,6,9c,OK,,frech,,,cheeky,frech,cheeky,frech,0.999
ch2-112,6,9c,OK,,merkwürdig,,,strange,merkwürdig,strange,męrkwürdig,0.989
ch2-113,6,9c,WARN,WARN english_spelling: unknown English word(s): ppo,seltsam,,,ppo,seltsam,ppo,sęltsam,0.945
ch2-114,6,9c,OK,,Wirken,,,to seem,Wirken (auf + A.),hier: to seem,wrken (auf + A.),0.955
ch2-115,6,10a,WARN,"WARN english_spelling: unknown English word(s): etwa, hier",davon,,,hier in etwa: of it,davon,hier in etwa: of it,davon,0.996
ch2-116,6,10a,OK,,Klebefilm,der,die Klebefilme,adhesive tape,"der Klebefilm, -e",adhesive tape,"der Klebefilm, -e",0.973
ch2-117,6,10a,OK,,Markenname,der,die Markennamen,brand name,"der Markenname, -n",brand name,"der Mrkenname, -n",0.987
ch2-118,6,10a,OK,,Schmerztablette,die,die Schmerztabletten,pain killer,"die Schmerztablette, -n",pain killer,"die Schmrztablette, -n",0.992
ch2-119,6,10a,OK,,Süßstoff,der,die Süßstoffe,sweetener,"der SüBstoff, -e",sweetener,"der Süßstoff, -e",0.927
ch2-120,6,10a,OK,,Taschentuch,das,die Taschentücher,handkerchief,"das Taschentuch, ""-er",handkerchief,"das Tschentuch, ""-er",0.977
ch2-121,6,10b,WARN,WARN auto_corrected: 'anlsprechen' -> 'ansprechen' (checked with Wiktionary),ansprechen,,,to speak to,"anlsprechen, er spricht an, sprach an, hat angesprochen (Werbung spricht sehr oft Gefühle an.)",to speak to (Advertisements often speak to emotions.),"n|sprechen, er spricht n, sprach n, hat ngesprochen (Werbung spricht sehr oft Ġefühle an.)",0.97
ch2-122,6,10b,OK,,aufmerksam,,,attentive,aufmerksam,attentive,aufmerksam,0.999
ch2-123,6,10b,OK,,automatisch,,,automatic,automatisch,automatic,automatisch,1.0
ch2-124,7,10b,OK,,beeinflussen,,,to influence,beeinflussen,to influence,beeinflussen,0.999
ch2-125,7,10b,WARN,"WARN english_spelling: unknown English word(s): bersetzung, hier, keine",dabei,,,hier keine bersetzung,"dabei (Werbung hilft dabei, dass Kunden bestimmte Produkte kaufen.)",hier keine bersetzung (Advertisements help that customers buy certain products.),"dabei (Werbung hilft dabei, dass Kunden bestimmte Produkte kaufen.)",0.998
ch2-126,7,10b,OK,,ebenfalls,,,also,ebenfalls,also,ebenfalls,0.981
ch2-127,7,10b,OK,,Erinnerung,die,die Erinnerungen,memory,"die Erinnerung, -en (in Erinnerung bleiben)",memory (to stay in sb's memory),"die Ernnerung, -en (in Erinnerung bleiben)",0.974
ch2-128,7,10b,OK,,genügen,,,to suffice,genügen,to suffice,genügen,0.957
ch2-129,7,10b,OK,,interessiert,,,interested,interessiert,interested,interessiert,0.999
ch2-130,7,10b,WARN,WARN english_spelling: unknown English word(s): behaviour,Kaufverhalten,das,die Kaufverhalten,shopping behaviour,"das Kaufverhalten, -",shopping behaviour,"das Kaufverhalten, -",0.967
ch2-131,7,10b,OK,,reichen,,,to be enough,reichen (Das reicht schon.),to be enough (That's already enough.),reichen (Das reicht schon.),0.999
ch2-132,7,10b,OK,,Spruch,der,die Sprüche,saying,"der Spruch, ""-e",saying,"der Sprch, ""-e",0.953
ch2-133,7,10b,OK,,überrascht,,,surprised,überrascht,surprised,überrscht,0.961
ch2-134,7,10b,OK,,Unternehmen,das,die Unternehmen,company,"das Unternehmen, -",company,"das Unternehmen, -",0.983
ch2-135,7,10b,WARN,WARN english_spelling: unknown English word(s): behaviour,Verhalten,das,die Verhalten,behaviour,"das Verhalten, -",behaviour,"das Verhlten, -",0.968
ch2-136,7,10b,OK,,vertrauen,,,to trust,vertrauen,to trust,vertrauen,0.993
ch2-137,7,10b,OK,,Werbesprache,die,,advertising language,die Werbesprache (Sg.),advertising language,die Wrbesprache (Sg.),1.0
ch2-138,7,10b,OK,,Werbetrick,der,die Werbetricks,advertising trick,"der Werbetrick, -s",advertising trick,"der Wrbetrick, -s",0.991
ch2-139,7,10b,OK,,Wortspiel,das,die Wortspiele,pun/play on words,"das Wortspiel, -e",pun/play on words,"das Wrtspiel, -e",0.952
ch2-140,7,10c,OK,,Merkmal,das,die Merkmale,characteristic,"das Merkmal, -e",characteristic,"das Męrkmal, -e",0.986
ch2-141,7,11,WARN,WARN english_spelling: unknown English word(s): finnland,Finnland,,,Finnland,Finnland,Finnland,Finnland,0.998
ch2-142,7,11,OK,,italienisch,,,Italian,italienisch,Italian,italienisch,0.999
ch2-143,7,11,WARN,WARN english_spelling: unknown English word(s): children's,Kinderprodukt,das,die Kinderprodukte,children's product,"das Kinderprodukt, -e",children's product,"das Knderprodukt, -e",0.984
ch2-144,7,11,OK,,ungesund,,,unhealthy,ungesund,unhealthy,ngesund,0.998
ch2-145,7,11,OK,,verbieten,,,to forbid,"verbieten, er verbietet, verbat, hat verboten",to forbid,"verbieten, er verbietet, verbat, hat verboten",0.998
ch2-146,7,11,OK,,"k&k das Adverb, -ien",,,adverb,"k&k das Adverb, -ien",adverb,"k&k das Advrb, -ien",0.963
ch2-147,7,11,OK,,davor,,,before that,davor,before that,davor,0.988
ch2-148,7,11,OK,,Konsekutivsatz,der,die Konsekutivsätze,consecutive clause,"der Konsekutivsatz, ""-e",consecutive clause,"der Konsekutivsatz, ""-e",0.957
ch2-149,7,11,OK,,Silbe,die,die Silben,syllable,"die Silbe, -n",syllable,"die Slbe, -n",0.994
ch3-001,7,1a,OK,,Arbeiter,der,die Arbeiter,worker (m),"der Arbeiter, -",worker (m),"der Arbeiter, -",0.97
ch3-002,7,1a,OK,,Arbeiterin,die,die Arbeiterinnen,worker (f),"die Arbeiterin, -nen",worker (f),"die Arbeiterin, -nen",0.998
ch3-003,7,1a,OK,,automatisiert,,,automated,automatisiert,automated,automatisiert,0.999
ch3-004,7,1a,OK,,Bedingung,die,die Bedingungen,condition,"die Bedingung, -en",condition,"die Bedngung, -en",0.989
ch3-005,7,1a,OK,,Behandlung,die,die Behandlungen,treatment,"die Behandlung, -en",treatment,"die Behndlung, -en",0.967
ch3-006,7,1a,OK,,Diagnose,die,die Diagnosen,diagnosis,"die Diagnose, -n",diagnosis,"die Diagnose, -n",0.983
ch3-007,7,1a,OK,,Gruppenarbeit,die,die Gruppenarbeiten,group work,"die Gruppenarbeit, -en",group work,"die Grppenarbeit, -en",0.977
ch3-008,7,1a,OK,,Handarbeit,die,die Handarbeiten,handiwork,"die Handarbeit, -en",handiwork,"die Hndarbeit, -en",0.97
ch3-009,7,1a,WARN,WARN english_spelling: unknown English word(s): hygene,Hygiene,die,,hygene,die Hygiene (Sg.),hygene,die Hygiene (Sg.),0.965
ch3-010,7,1a,OK,,Konkurrenz,die,,competition,die Konkurrenz (Sg.),competition,die Konkurręnz (Sg.),0.967
ch3-011,7,1a,OK,,medizinisch,,,medical,medizinisch,medical,medizinisch,0.998
ch3-012,7,1a,OK,,monoton,,,monotonous,monoton,monotonous,monoton,0.999
ch3-013,7,1a,OK,,operieren,,,to operate,operieren,to operate,operieren,0.983
ch3-014,7,1a,OK,,Pflegekraft,die,die Pflegekräfte,caregiver,"die Pflegekraft,""e",caregiver,"die Pflegekraft, ""-e",0.988
ch3-015,7,1a,OK,,Schulbildung,die,,education,die Schulbildung (Sg.),education,die Schulbildung (Sg.),0.979
ch3-016,7,1a,OK,,Strafe,die,die Strafen,"punishment, penalty","die strafe, -n","punishment, penalty","die Strafe, -n",0.974
ch3-017,7,1a,OK,,tolerant,,,tolerant,tolerant,tolerant,tolernt,1.0
ch3-018,7,1a,WARN,WARN auto_corrected: 'Vnterrichtsform' -> 'Unterrichtsform' (checked with Wiktionary),Unterrichtsform,die,die Unterrichtsformen,form of instruction,"die Vnterrichtsform, -en",form of instruction,"die nterrichtsform, -en",0.97
ch3-019,7,1b,OK,,Gegensatz,der,die Gegensätze,opposite,"der Gegensatz, ""-e",opposite,"der Gegensatz, ""-e",0.986
ch3-020,7,1b,OK,,minimal,,,minimal,minimal,minimal,minimal,0.999
ch3-021,7,2 UB,OK,,ausschließlich,,,exclusive,ausschlieBlich,exclusive,ausschließlich,0.983
ch3-022,8,2 UB,OK,,bewusst,,,conscious,bewusst,conscious,bewsst,0.999
ch3-023,8,2 UB,OK,,biologisch,,,biological,biologisch,biological,biologisch,0.998
ch3-024,8,2 UB,WARN,WARN auto_corrected: 'Diát' -> 'Diät' (checked with Wiktionary),Diät,die,die Diäten,diet,"die Diát, -en",diet,"die Diät, -en",0.918
ch3-025,8,2 UB,WARN,WARN auto_corrected: 'sich ernáhren' -> 'sich ernähren' (checked with Wiktionary),sich ernähren,,,"to eat, to nourish",ernáhren (sich),"to eat, to nourish",ernähren (sich),0.927
ch3-026,8,2 UB,WARN,WARN auto_corrected: 'Ernáhrung' -> 'Ernährung' (checked with Wiktionary),Ernährung,die,,nutrition,die Ernáhrung (Sg.),nutrition,die Ernährung (Sg.),0.949
ch3-027,8,2 UB,OK,,Fitness,die,,fitness,die Fitness (Sg.),fitness,die Ftness (Sg.),0.986
ch3-028,8,2 UB,OK,,Form,die,die Formen,form,"die Form, -en",form,"die Form, -en",0.986
ch3-029,8,2 UB,OK,,Frucht,die,die Früchte,fruit,"die Frucht,""e",fruit,"die Frcht, ""-e",0.967
ch3-030,8,2 UB,OK,,halten,,,to be on (to be on a diet),"halten, er hält, hielt, hat gehalten (Diät halten)",hier: to be on (to be on a diet),"hlten, er hlt, hielt, hat gehlten (Diät halten)",0.976
ch3-031,8,2 UB,OK,,Karotte,die,die Karotten,carrot,"die Karotte, -n",carrot,"die Kartte, -n",0.979
ch3-032,8,2 UB,WARN,WARN ocr_low_confidence: OCR confidence 0.82 < 0.85; WARN english_spelling: unknown English word(s): pooj,Nahrungsmittel,das,die Nahrungsmittel,pooj,"das Nahrungsmittel, -",pooj,"das Nghrungsmittel, -",0.824
ch3-033,8,2 UB,OK,,produziert,,,produced,produziert (ökologisch produzierte Ware),produced (ecologically produced products),produziert (ökologisch produzierte Ware),0.99
ch3-034,8,2 UB,OK,,Speise,die,die Speisen,food,"die Speise, -n",food,"die Speise, -n",0.992
ch3-035,8,2 UB,OK,,Trend,der,die Trends,trend,"der Trend, -s",trend,"der Tręnd, -s",0.962
ch3-036,8,2 UB,OK,,vegan,,,vegan,vegan,vegan,vegan,0.999
ch3-037,8,2 UB,OK,,vegetarisch,,,vegetarian,vegetarisch,vegetarian,vegetgrisch,0.999
ch3-038,8,2 UB,OK,,Vitamin,das,die Vitamine,vitamin,"das Vitamin, -e",vitamin,"das Vitamin, -e",0.94
ch3-039,8,2 UB,OK,,Workout,das,die Workouts,workout,"das Workout, -s",workout,"das Workout, -s",0.994
ch3-040,8,3a,OK,,erben,,,to inherit,erben,to inherit,rben,1.0
ch3-041,8,3a,OK,,weshalb,,,why,weshalb,why,weshlb,0.994
ch3-042,8,3b,OK,,führen,,,to lead (to),führen (zu + D.) (Welche Ereignisse können zu Veránderungen fúhren?),to lead (to) (Which occurrences can lead to changes?),führen (zu + D.) (Welche Ereignisse können zu Veränderungen führen?),0.97
ch3-043,8,3b,WARN,WARN ocr_low_confidence: OCR confidence 0.76 < 0.85,gewohnt,,,1onsn,gewohnt,1onsn,gewohnt,0.758
ch3-044,8,3b,OK,,Krisensituation,die,die Krisensituationen,crisis (situation),"die Krisensituation, -en",crisis (situation),"die Krisensituation, -en",0.981
ch3-045,8,3b,OK,,Lebensgeschichte,die,die Lebensgeschichten,life story,"die Lebensgeschichte, -n",life story,"die Lebensgeschichte, -n",0.997
ch3-046,8,3b,OK,,Lebensweg,der,die Lebenswege,path in life,"der Lebensweg, -e",path in life,"der Lebensweg, -e",0.945
ch3-047,8,3b,OK,,Prozess,der,die Prozesse,process,"der Prozess, -e",process,"der Prozęss, -e",0.972
ch3-048,8,3b,OK,,raus,,,out,raus,out,raus,0.999
ch3-049,8,3b,OK,,Todesfall,der,die Todesfälle,death,"der Todesfall, ""e",death,"der Todesfall, ""-e",0.991
ch3-050,8,3b,OK,,Trennung,die,die Trennungen,separation,"die Trennung, -en",separation,"die Tręnnung, -en",0.978
ch3-051,8,3b,OK,,Wendepunkt,der,die Wendepunkte,turning point,"der Wendepunkt, -e",turning point,"der Wndepunkt, -e",0.987
ch3-052,8,3b,OK,,Zeitschriftenartikel,der,die Zeitschriftenartikel,newspaper article,"der Zeitschriftenartikel, -",newspaper article,"der Zeitschriftenartikel, -",0.995
ch3-053,8,3c,OK,,Afrika,,,Africa,Afrika,Africa,Afrika,0.999
ch3-054,8,3c,OK,,Anliegen,das,die Anliegen,issue,"das Anliegen, -",issue,"das Anliegen, -",0.94
ch3-055,8,3c,OK,,Berufssoldat,der,die Berufssoldaten,professional soldier (m),"der Berufssoldat, -en",professional soldier (m),"der Berufssoldat, -en",0.991
ch3-056,8,3c,OK,,Berufssoldatin,die,die Berufssoldatinnen,professional soldier (f),"die Berufssoldatin, -nen",professional soldier (f),"die Berufssoldatin, -nen",0.991
ch3-057,8,3c,OK,,Buchautor,der,die Buchautoren,author (m),"der Buchautor, -en",author (m),"der Buchautor, -en",0.967
ch3-058,8,3c,OK,,Buchautorin,die,die Buchautorinnen,author (f),"die Buchautorin, -nen",author (f),"die Buchautorin, -nen",0.98
ch3-059,8,3c,OK,,Bundeswehrzeit,die,die Bundeswehrzeiten,time in the armed forces,"die Bundeswehrzeit, -en",time in the armed forces,"die Bndeswehrzeit, -en",0.991
ch3-060,8,3c,WARN,WARN auto_corrected: 'sich ein/setzen' -> 'sich einsetzen' (checked with Wiktionary),sich einsetzen,,,to support,ein/setzen (sich) (für/gegen + A.) (sich für den Schutz der Wildtiere einsetzen),to support (to support the protection of wild animals.),ein|setzen (sich) (für/gegen + A.) (sich für den Schutz der Wildtiere einsetzen),0.968
ch3-061,8,3c,OK,,Herausforderung,die,die Herausforderungen,challenge,"die Herausforderung, -en",challenge,"die Herausforderung, -en",0.984
ch3-062,8,3c,OK,,Lebenswende,die,die Lebenswenden,turning point (in life),"die Lebenswende, -n",turning point (in life),"die Lebenswende, -n",0.989
ch3-063,8,3c,OK,,Mut,der,,courage,"der Mut (Sg.) (Mark möchte anderen Mut machen, für ihre Ziele zu kámpfen.)",courage (Mark wants to encourage others to fight for their goals.),"der Mut (Sg.) (Mark möchte anderen Mut machen, für ihre Ziele zu kämpfen.)",0.965
ch3-064,8,3c,OK,,Namibia,,,Namibia,Namibia,Namibia,Namibia,0.999
ch3-065,8,3c,OK,,Rückkehr,die,,return,die Rückkehr (Sg.),return,die Rckkehr (Sg.),0.977
ch3-066,8,3c,OK,,sammeln,,,to gain,sammeln (Als Fotograf hat er schon viel Erfahrung gesammelt.),hier: to gain (He's already gained a lot of experience as a photographer.),smmeln (Als Fotograf hat er schon viel Erfahrung gesammelt.),0.988
ch3-067,8,3c,OK,,schließlich,,,"finally, eventually",schlieBlich,"finally, eventually",schließlich,0.991
ch3-068,8,3c,OK,,Schutzprojekt,das,die Schutzprojekte,protection project,"das Schutzprojekt, -e",protection project,"das Schtzprojekt, -e",0.978
ch3-069,8,3c,OK,,Sehnsucht,die,die Sehnsüchte,"longing, desire","die Sehnsucht, ""-e","longing, desire","die Sehnsucht, ""-e",0.994
ch3-070,9,3c,OK,,verursachen,,,to cause,verursachen,to cause,verursachen,0.999
ch3-071,9,3c,OK,,wesentlich,,,considerable,wesentlich,considerable,wesentlich,0.999
ch3-072,9,3c,OK,,Wildhüter,der,die Wildhüter,gamekeeper (m),"der Wildhüter, -",gamekeeper (m),"der Wldhüter, -",0.948
ch3-073,9,3c,OK,,Wildhüterin,die,die Wildhüterinnen,gamekeeper (f),"die Wildhüterin, -nen",gamekeeper (f),"die Wldhüterin, -nen",0.977
ch3-074,9,3c,OK,,Wildtier,das,die Wildtiere,wild animal,"das Wildtier, -e",wild animal,"das Wldtier, -e",0.959
ch3-075,9,3c,OK,,Wildtierstation,die,die Wildtierstationen,wild animal care facility,"die Wildtierstation, -en",wild animal care facility,"die Wldtierstation, -en",0.992
ch3-076,9,3c,OK,,zufällig,,,coincidentally,zufällig,coincidentally,zufällig,0.945
ch3-077,9,3c,OK,,zweimonatig,,,two month (ly),zweimonatig,two month(ly),zweimonatig,0.999
ch3-078,9,3c,OK,,abwärts,,,downwards,abwärts,downwards,bwärts,0.949
ch3-079,9,3c,OK,,Bahnradfahrer,der,die Bahnradfahrer,track bicycle driver (m),"der Bahnradfahrer, -",track bicycle driver (m),"der Bahnradfahrer, -",0.98
ch3-080,9,3c,OK,,Bahnradfahrerin,die,die Bahnradfahrerinnen,track bicycle driver (f),"die Bahnradfahrerin, -nen",track bicycle driver (f),"die Bahnradfahrerin, -nen",0.993
ch3-081,9,3c,WARN,WARN english_spelling: unknown English word(s): honour,ehren,,,to honour,ehren,to honour,ehren,0.98
ch3-082,9,3c,OK,,engagiert sein,,,to be involved in,engagiert sein,to be involved in,engagiert sein,0.997
ch3-083,9,3c,OK,,sich ereignen,,,to happen,ereignen (sich),to happen,ereignen (sich),0.957
ch3-084,9,3c,OK,,-fach,,,"""-fold"" (tenfold)",-fach (zehnfach),"""-fold"" (tenfold)",-fach (zehnfach),0.957
ch3-085,9,3c,WARN,WARN auto_corrected: 'geláhmt' -> 'gelähmt' (checked with Wiktionary),gelähmt,,,paralyzed,geláhmt,paralyzed,gelähmt,0.873
ch3-086,9,3c,OK,,Held,der,die Helden,hero (m),"der Held, -en",hero (m),"der Hęld, -en",0.919
ch3-087,9,3c,OK,,Heldin,die,die Heldinnen,hero (f),"die Heldin, -nen",hero (f),"die Hęldin, -nen",0.996
ch3-088,9,3c,OK,,Höhepunkt,der,die Höhepunkte,peak,"der Höhepunkt, -e",peak,"der Höhepunkt, -e",0.984
ch3-089,9,3c,OK,,kämpfen,,,to fight,kämpfen (für/gegen + A.),to fight,kmpfen (für/gegen + A.),0.971
ch3-090,9,3c,OK,,lokal,,,local,lokal,local,lokal,0.978
ch3-091,9,3c,OK,,mittlerweile,,,meanwhile,mittlerweile,meanwhile,mittlerweile,0.973
ch3-092,9,3c,OK,,Oberkörper,der,die Oberkörper,upper body,"der Oberkörper, -",upper body,"der Oberkörper, -",0.895
ch3-093,9,3c,OK,,Olympiasieger,der,die Olympiasieger,Olympic champion (m),"der Olympiasieger, -",Olympic champion (m),"der Olympiasieger, -",0.971
ch3-094,9,3c,OK,,Olympiasiegerin,die,die Olympiasiegerinnen,Olympic champion (f),"die Olympiasiegerin, -nen",Olympic champion (f),"die Olympiasiegerin, -nen",0.979
ch3-095,9,3c,OK,,Optimismus,der,,optimism,der Optimismus (Sg.),optimism,der Optimsmus (Sg.),0.979
ch3-096,9,3c,OK,,politisch,,,political,politisch,political,politisch,0.993
ch3-097,9,3c,OK,,Powerfrau,die,die Powerfrauen,power woman,"die Powerfrau, -en",power woman,"die Powerfrau, -en",0.989
ch3-098,9,3c,OK,,Privatleben,das,,private life,das Privatleben (Sg.),private life,das Privatleben (Sg.),0.984
ch3-099,9,3c,OK,,radikal,,,radical,radikal,radical,radikąl,1.0
ch3-100,9,3c,OK,,seitdem,,,since then,seitdem (Sie hatte einen Unfall. Seitdem ist sie geláhmt.),since then (She had an accident. She's been paralyzed since then.),seitdem (Sie hatte einen Unfall. Seitdem ist sie gelähmt.),0.951
ch3-101,9,3c,OK,,Selbstständigkeit,die,,independence,die Selbstständigkeit (Sg.),independence,die Sęlbstständigkeit (Sg.),0.98
ch3-102,9,3c,OK,,Stadtrat,der,die Stadträte,city council,"der Stadtrat, ""-e (Sie ist Mitglied im Stadtrat.)",city council (She's a member of the city council.),"der Stdtrat, ""-e (Sie ist Mitglied im Stadtrat.)",0.982
ch3-103,9,3c,OK,,stürzen,,,to fall,stürzen,to fall,stürzen,0.985
ch3-104,9,3c,OK,,tätig sein,,,to take an active part,tätig sein,to take an active part,tätig sein,0.975
ch3-105,9,3c,OK,,unverändert,,,unchanged,unverändert,unchanged,nverändert,0.95
ch3-106,9,3c,OK,,von ... auf,,,from one ... to the next,von ... auf (Von einem Tag auf den anderen veränderte sich ihr Leben radikal.),from one ... to the next (From one day to the next her life changed radically.),von ... auf (Von einem Tag auf den anderen veränderte sich ihr Leben radikal.),0.979
ch3-107,9,3c,OK,,Wahl,die,die Wahlen,election,"die Wahl, -en (Sie gewann eine lokale Wahl und ist nun im Stadtrat aktiv.)",election (She won a local election and is now active in the city council.),"die Wahl, -en (Sie gewann eine lokale Wahl und ist nun im Stadtrat aktiv.)",0.972
ch3-108,9,3c,WARN,WARN plural_mismatch: plural 'die Weltmeistere' but Wiktionary has: Weltmeister,Weltmeister,der,die Weltmeistere,world champion (m),"der Weltmeister, -e",world champion (m),"der Węltmeister, -e",0.953
ch3-109,9,3c,OK,,Weltmeisterin,die,die Weltmeisterinnen,world champion (f),"die Weltmeisterin, -nen",world champion (f),"die Węltmeisterin, -nen",0.981
ch3-110,9,3c,OK,,Wirbelsäule,die,die Wirbelsäulen,spine,"die Wirbelsäule, -n",spine,"die Wrbelsäule, -n",0.969
ch3-111,9,4b,OK,,literarisch,,,literary,literarisch,literary,litergrisch,0.999
ch3-112,9,4b,ERROR,ERROR unknown_word: 'Vergangene' not in Wiktionary,Vergangene,das,,past,das Vergangene (Sg.),past,das Vergngene (Sg.),0.963
ch3-113,9,4b,OK,,Vergangenheitsform,die,die Vergangenheitsformen,past tense,"die Vergangenheitsform, -en",past tense,"die Vergngenheitsform, -en",0.979
ch3-114,9,4b,OK,,Zeitungsartikel,der,die Zeitungsartikel,newspaper article,"der Zeitungsartikel, -",newspaper article,"der Zeitungsartikel, -",0.975
ch3-115,9,4d,OK,,begeistern,,,"to delight, to inspire",begeistern,"to delight, to inspire",begeistern,0.966
ch3-116,9,4d,OK,,historisch,,,historical,historisch,historical,historisch,0.999
ch3-117,9,4d,OK,,Stadtfest,das,die Stadtfeste,city festival,"das Stadtfest, -e",city festival,"das Stdtfest, -e",0.967
ch3-118,10,5a,OK,,erstellen,,,to create,erstellen,to create,erstęllen,0.996
ch3-119,10,5b,OK,,Alte,der/die,die Alten,oneself,"der/die Alte, -n (wieder der/die Alte sein)",hier: oneself (to be oneself again),"der/die Alte, -n (wieder der/die Alte sein)",0.989
ch3-120,10,5b,OK,,aufwachen,,,to wake up,aufwachen,to wake up,auf|wachen,0.999
ch3-121,10,5b,OK,,außerhalb,,,outside,auBerhalb (+ G.),outside,außerhalb (+ G.),0.957
ch3-122,10,5b,OK,,frisch,,,new,frisch (Ich bin frisch verliebt.),hier: new (I'm newly in love.),frsch (Ich bin frisch verliebt.),0.986
ch3-123,10,5b,OK,,gemacht sein,,,to be made for,"gemacht sein (für + A.) (Ich freue mich, wenn ich Klamotten finde, die wie für mich gemacht sind.)",to be made for (I'm happy when I find clothes that seem to be made for me.),"gemcht sein (für + A.) (Ich freue mich, wenn ich Klamotten finde, die wie für mich gemacht sind.)",0.979
ch3-124,10,5b,OK,,innerhalb,,,within,innerhalb (+ G.),within,nnerhalb (+ G.),0.964
ch3-125,10,5b,OK,,liebevoll,,,loving,liebevoll,loving,liebevoll,0.915
ch3-126,10,5b,OK,,Nachtisch,der,die Nachtische,dessert,"der Nachtisch, -e",dessert,"der Nachtisch, -e",0.987
ch3-127,10,5b,OK,,"schwach, schwächer, am schwächsten",,,weak,"schwach, schwächer, am schwächsten",weak,"schwch, schwcher, am schwchsten",0.968
ch3-128,10,5b,OK,,Schwiegereltern,die,die Schwiegereltern,parents-in-law,die Schwiegereltern (Pl.),parents-in-law,die Schwiegereltern (Pl.),0.979
ch3-129,10,5b,OK,,Sonnabend,der,die Sonnabende,Saturday,"der Sonnabend, -e",Saturday,"der Sonnabend, -e",0.966
ch3-130,10,5b,OK,,sich verlieben,,,to fall in love,verlieben (sich) (in + A.),to fall in love,verlieben (sich) (in + A.),0.967
ch3-131,10,5b,OK,,verschwinden,,,to disappear,"verschwinden, er verschwindet, verschwand, ist verschwunden",to disappear,"verschwnden, er verschwindet, verschwnd, ist verschwnden",0.998
ch3-132,10,5b,OK,,während,,,during,während (+ G.) (Während der Arbeit lachen mein Team und ich oft.),during (My team and I often laugh during work.),während (+ G.) (Während der Arbeit lachen mein Team und ich oft.),0.962
ch3-133,10,5e,OK,,Regentag,der,die Regentage,rainy day,"der Regentag, -e",rainy day,"der Regentag, -e",0.991
ch3-134,10,6a,OK,,jetzig,,,current,jetzig,current,jętzig,0.916
ch3-135,10,6a,WARN,WARN plural_missing: noun has a comma but no plural code (OCR may have dropped it),Klinikum,das,,"clinic, hospital","das Klinikum, Kliniken","clinic, hospital","das Klinikum, Kliniken",0.999
ch3-136,10,6b,OK,,Krise,die,die Krisen,crisis (situation),"die Krise, -n",crisis (situation),"die Krise, -n",0.967
ch3-137,10,6b,OK,,lieb haben,,,to love,lieb haben,to love,lieb haben,0.999
ch3-138,10,6b,OK,,Verhältnis,das,die Verhältnisse,relationship,"das Verhältnis, -se",relationship,"das Verhltnis, -se",0.96
ch3-139,10,6b,OK,,Zuneigung,die,,affection,die Zuneigung (Sg.),affection,die Zuneigung (Sg.),0.992
ch3-140,10,6c,OK,,"üß die Botschaft, -en",,"die üß die Botschaft, -enen",embassy,"üB die Botschaft, -en",embassy,"die Botschaft, -en",0.994
ch3-141,10,6c,OK,,Konsulat,das,die Konsulate,consulate,"das Konsulat, -e",consulate,"das Konsulat, -e",0.943
ch3-142,10,6c,OK,,Reisepass,der,die Reisepässe,passport,"der Reisepass, ""e",passport,"der Reisepass, ""-e",0.991
ch3-143,10,6c,OK,,überqueren,,,to cross,überqueren,to cross,überqueren,0.953
ch3-144,10,6c,OK,,Zoll,der,die Zölle,customs,"der Zoll, ""-e",customs,"der Zoll, ""-e",0.944
ch3-145,10,6d,WARN,WARN auto_corrected: 'auflgeben' -> 'aufgeben' (checked with Wiktionary),aufgeben,,,to forsake,"auflgeben, er gibt auf, gab auf, hat aufgegeben",hier: to forsake,"auflgeben, er gibt auf, gab auf, hat aufgegeben",0.975
ch3-146,10,6d,OK,,Liebesgeschichte,die,die Liebesgeschichten,love story,"die Liebesgeschichte, -n",love story,"die Liebesgeschichte, -n",0.988
ch3-147,10,6d,OK,,niemals,,,never,niemals,never,niemals,0.999
ch3-148,10,6d,WARN,WARN auto_corrected: 'weglziehen' -> 'wegziehen' (checked with Wiktionary),wegziehen,,,to move away,"weglziehen, er zieht weg, zog weg, ist weggezogen",to move away,"wglziehen, er zieht wg, zog wg, ist węggezogen",0.979
ch3-149,10,8a,OK,,Büroangestellte,der/die,die Büroangestellten,office worker,"der/die Büroangestellte, -n",office worker,"der/die Büroangestellte, -n",0.979
ch3-150,10,8b,OK,,Camping,das,,camping,das Camping (Sg.),camping,das Cmping (Sg.),0.999
ch3-151,10,8b,OK,,Espresso-Kanne,die,die Espresso-Kannen,Italian coffee pot,"die Espresso-Kanne, -n",Italian coffee pot,"die Esprsso-Kanne, -n",0.981
ch3-152,10,9a,OK,,Aspekt,der,die Aspekte,aspect,"der Aspekt, -e",aspect,"der Aspękt, -e",0.958
ch3-153,10,9a,OK,,Blogeintrag,der,die Blogeinträge,blog post,"der Blogeintrag, ""e",blog post,"der Blogeintrag, ""-e",0.958
ch3-154,10,9a,OK,,Fach,das,die Fächer,compartment,"das Fach, ""-er (Meine Tasche hat viele kleine Fácher.)",compartment (My bag has many small compartments.),"das Fch, ""-er (Meine Tasche hat viele kleine Fächer.)",0.958
ch3-155,10,9a,OK,,gucken,,,to look,gucken,to look,gcken,0.977
ch3-156,10,9a,OK,,jahrelang,,,for years,jahrelang,for years,jahrelang,0.958
ch3-157,10,9a,OK,,Lehrling,der,die Lehrlinge,apprentice,"der Lehrling, -e",apprentice,"der Lehrling, -e",0.987
ch3-158,10,9a,OK,,Mark,die,die Mark,German Mark,"die Mark, - (Vor dem Euro war die Wáhrung in Deutschland Mark.)",German Mark (Before the euro the currency in Germany was German Mark.),"die Mrk, - (Vor dem Euro war die Währung in Deutschland Mark.)",0.973
ch3-159,10,9a,OK,,Pfennig,der,die Pfennige,penny,"der Pfennig, -e (Vor dem Cent hieB die Währung in Deutschland Pfennig.)","penny (Before the cent existed, the currency in Germany was pennies.)","der Pfnnig, -e (Vor dem Cent hieß die Währung in Deutschland Pfennig.)",0.978
ch3-160,10,9a,OK,,relativ,,,relative,relativ,relative,relativ,0.987
ch3-161,11,9a,OK,,veröffentlichen,,,"to release, to publish",veröffentlichen,"to release, to publish",veröffentlichen,0.982
ch3-162,11,9b,OK,,Baustein,der,die Bausteine,building block,"der Baustein, -e",building block,"der Baustein, -e",0.971
ch3-163,11,9b,OK,,Muster,das,die Muster,pattern,"das Muster, -",pattern,"das Mster, -",0.948
ch3-164,11,9b,OK,,Struktur,die,die Strukturen,structure,"die struktur, -en",structure,"die Struktur, -en",0.987
ch3-165,11,9b,OK,,Tempusform,die,die Tempusformen,tense (form),"die Tempusform, -en",tense (form),"die Tmpusform, -en",0.966
ch3-166,11,9c,WARN,WARN auto_corrected: 'aus/suchen' -> 'aussuchen' (checked with Wiktionary),aussuchen,,,to choose,aus/suchen,to choose,aus|suchen,0.945
ch3-167,11,9c,OK,,nachher,,,afterwards,nachher,afterwards,nachher,1.0
ch3-168,11,10a,OK,,begrüßen,,,to greet,begrüBen,to greet,begrüßen,0.966
ch3-169,11,10a,WARN,WARN english_spelling: unknown English word(s): behaviour,Benehmen,das,,behaviour,das Benehmen (Sg.),behaviour,das Benehmen (Sg.),0.951
ch3-170,11,10b,OK,,anwesend,,,present,anwesend,present,nwesend,1.0
ch3-171,11,10b,WARN,WARN auto_corrected: 'auflhalten' -> 'aufhalten' (checked with Wiktionary),aufhalten,,,to hold open,"auflhalten, er hält auf, hielt auf, hat aufgehalten (Es ist höflich, anderen Menschen die Tür aufzuhalten.)",to hold open (It's polite to hold the door open for other people.),"auf|halten, er hält auf, hielt auf, hat aufgehalten (Es ist höflich, anderen Menschen die Tür aufzuhalten.)",0.968
ch3-172,11,10b,OK,,Begrüßung,die,die Begrüßungen,greeting,"die BegrüBung, -en",greeting,"die Begrüßung, -en",0.968
ch3-173,11,10b,OK,,Benimmbuch,das,die Benimmbücher,book of etiquette,"das Benimmbuch, ""er",book of etiquette,"das Benmmbuch, ""-er",0.994
ch3-174,11,10b,OK,,Beziehung,die,die Beziehungen,relationship,"die Beziehung, -en",relationship,"die Beziehung, -en",0.966
ch3-175,11,10b,OK,,beziehungsweise,,,or (rather),beziehungsweise (bzw.),or (rather),beziehungsweise (bzw.),0.968
ch3-176,11,10b,OK,,duzen,,,to use the informal greeting,duzen,to use the informal greeting,duzen,0.986
ch3-177,11,10b,OK,,Gastgeber,der,die Gastgeber,host (m),"der Gastgeber, -",host (m),"der Gstgeber, -",0.952
ch3-178,11,10b,OK,,Gastgeberin,die,die Gastgeberinnen,host (f),"die Gastgeberin, -nen",host (f),"die Gstgeberin, -nen",0.989
ch3-179,11,10b,ERROR,ERROR unknown_word: 'Gescháftsfrau' not in Wiktionary,Gescháftsfrau,die,die Gescháftsfrauen,business woman,"die Gescháftsfrau, -en",business woman,"die Geschftsfrau, -en",0.941
ch3-180,11,10b,OK,,Geschäftsmann,der,die Geschäftsmänner,business man,"der Geschäftsmann, ""-er",business man,"der Geschftsmann, ""-er",0.973
ch3-181,11,10b,OK,,Gewohnheit,die,die Gewohnheiten,habit,"die Gewohnheit, -en",habit,"die Gewohnheit, -en",0.99
ch3-182,11,10b,OK,,hierarchisch,,,hierarchical,hierarchisch,hierarchical,hierrchisch,0.999
ch3-183,11,10b,OK,,ignorieren,,,to ignore,ignorieren,to ignore,ignorieren,0.958
ch3-184,11,10b,OK,,klagen,,,to lament,klagen,to lament,klagen,0.932
ch3-185,11,10b,OK,,Kuss,der,die Küsse,kiss,"der Kuss, ""-e",kiss,"der Kss, ""-e",0.947
ch3-186,11,10b,OK,,Lift,der,die Lifte,elevator,"der Lift, -e",elevator,"der Lift, -e",0.982
ch3-187,11,10b,OK,,niesen,,,to sneeze,niesen,to sneeze,niesen,1.0
ch3-188,11,10b,OK,,Personal,das,,staff,das Personal (Sg.),staff,das Personal (Sg.),0.985
ch3-189,11,10b,OK,,Reihe,die,die Reihen,turn (in turn),"die Reihe, -n (der Reihe nach)",hier: turn (in turn),"die Reihe, -n (der Reihe nach)",0.998
ch3-190,11,10b,OK,,siezen,,,to use the formal greeting,siezen,to use the formal greeting,siezen,0.997
ch3-191,11,10b,OK,,theoretisch,,,theoretical,theoretisch,theoretical,theoretisch,0.999
ch3-192,11,10b,OK,,üblich,,,usual,üblich,usual,üblich,0.915
ch3-193,11,10b,OK,,umarmen,,,to hug,umarmen,to hug,umrmen,0.998
ch3-194,11,10b,OK,,umgekehrt,,,the other way around,umgekehrt,the other way around,mgekehrt,0.989
ch3-195,11,10b,OK,,unsicher,,,insecure,unsicher,insecure,nsicher,0.931
ch3-196,11,10b,OK,,unter,,,among,unter (+ D.) (Unter Studierenden gibt es eigentlich kein Siezen mehr.),among (Among students one doesn't really use the formal greeting anymore.),nter (+ D.) (Unter Studierenden gibt es eigentlich kein Siezen mehr.),0.988
ch3-197,11,10b,OK,,sich verhalten,,,to behave,"verhalten (sich), er verhált, verhielt, hat verhalten",to behave,"verhlten (sich), er verhlt, verhielt, hat verhlten",0.989
ch3-198,11,10b,OK,,verkehrt,,,wrong,verkehrt,hier: wrong,verkehrt,0.998
ch3-199,11,10b,OK,,vertraut,,,familiar,vertraut,familiar,vertraut,0.947
ch3-200,11,10b,OK,,Vorgesetzte,der/die,die Vorgesetzten,superiors,"der/die Vorgesetzte, -n",superiors,"der/die Vorgesetzte, -n",0.978
ch3-201,11,10b,OK,,Wange,die,die Wangen,cheek,"die Wange,-n",cheek,"die Wnge, -n",0.964
ch3-202,11,10b,OK,,"k&k die Vokaländerung, -en",,,vowel change,"k&k die Vokaländerung, -en",vowel change,"k&k die Vokaländerung, -en",0.935
ch4-001,11,1b,OK,,Analyse,die,die Analysen,analysis,"die Analyse, -n",analysis,"die Analyse, -n",0.953
ch4-002,12,1b,WARN,WARN auto_corrected: 'ausltragen' -> 'austragen' (checked with Wiktionary),austragen,,,to deliver (to deliver post),"ausltragen, er trágt aus, trug aus, hat ausgetragen (Post austragen)",to deliver (to deliver post),"aus|tragen, er trägt aus, trug aus, hat ausgetragen (Post austragen)",0.982
ch4-003,12,1b,WARN,WARN auto_corrected: 'Brieftráger' -> 'Briefträger' (checked with Wiktionary),Briefträger,der,die Briefträger,postal carrier (m),"der Brieftráger, -",postal carrier (m),"der Briefträger, -",0.965
ch4-004,12,1b,OK,,Briefträgerin,die,die Briefträgerinnen,postal carrier (f),"die Briefträgerin, -nen",postal carrier (f),"die Briefträgerin, -nen",0.977
ch4-005,12,1b,OK,,Chemiker,der,die Chemiker,chemist (m),"der Chemiker, -",chemist (m),"der Chemiker, -",0.972
ch4-006,12,1b,OK,,Chemikerin,die,die Chemikerinnen,chemist (f),"die Chemikerin, -nen",chemist (f),"die Chemikerin, -nen",0.993
ch4-007,12,1b,OK,,Elektronik,die,,electronics,die Elektronik (Sg.),electronics,die Elektronik (Sg.),0.999
ch4-008,12,1b,OK,,exakt,,,exact,exakt,exact,exkt,0.999
ch4-009,12,1b,OK,,geregelt,,,fixed,geregelt,hier: fixed,geregelt,1.0
ch4-010,12,1b,OK,,Mechatroniker,der,die Mechatroniker,mechanical electronics engineer (m),"der Mechatroniker, -",mechanical electronics engineer (m),"der Mechatroniker, -",0.965
ch4-011,12,1b,WARN,WARN auto_corrected: 'Mechatronikerin' -> 'Mechatronikern' (checked with Wiktionary),Mechatronikern,die,die Mechatronikernnen,mechanical electronics engineer (f),"die Mechatronikerin, -nen",mechanical electronics engineer (f),"die Mechatronikerin, -nen",0.998
ch4-012,12,1b,OK,,Metall,das,die Metalle,metal,"das Metall, -e",metal,"das Metll, -e",0.96
ch4-013,12,1b,WARN,WARN auto_corrected: 'zulstellen' -> 'zustellen' (checked with Wiktionary),zustellen,,,to deliver,zulstellen,hier: to deliver,zu|stellen,0.999
ch4-014,12,1c,OK,,ursprünglich,,,originally,ursprünglich,originally,ursprünglich,0.987
ch4-015,12,1a UB,OK,,Akte,die,die Akten,file,"die Akte, -n",file,"die Akte, -n",0.976
ch4-016,12,1a UB,WARN,WARN auto_corrected: 'an/bauen' -> 'anbauen' (checked with Wiktionary),anbauen,,,"to cultivate, to attach",an/bauen,"to cultivate, to attach",n|bauen,0.936
ch4-017,12,1a UB,OK,,Angeklagte,der/die,die Angeklagten,defendant,"der/die Angeklagte, -n",defendant,"der/die Angeklagte, -n",0.99
ch4-018,12,1a UB,WARN,WARN english_spelling: unknown English word(s): ehibit,Anlage,die,die Anlagen,"attachment, facility, ehibit","die Anlage, -n","attachment, facility, ehibit","die Anlage, -n",0.975
ch4-019,12,1a UB,OK,,sich beschäftigen,,,to occupy oneself with,beschäftigen (sich) (mit + D.),to occupy oneself with,beschftigen (sich) (mit + D.),0.963
ch4-020,12,1a UB,OK,,Einkommen,das,die Einkommen,income,"das Einkommen, -",income,"das Einkommen, -",0.989
ch4-021,12,1a UB,WARN,WARN plural_mismatch: plural 'die Elektroingenieur' but Wiktionary has: Elektroingenieure,Elektroingenieur,der,die Elektroingenieur,electrical engineer (m),"der Elektroingenieur, -",electrical engineer (m),"der Elęktroingenieur, -e",0.967
ch4-022,12,1a UB,OK,,Elektroingenieurin,die,die Elektroingenieurinnen,electrical engineer (f),"die Elektroingenieurin, -nen",electrical engineer (f),"die Elęktroingenieurin, -nen",0.97
ch4-023,12,1a UB,OK,,fair,,,fair,fair,fair,fair,0.999
ch4-024,12,1a UB,OK,,Fernsehsender,der,die Fernsehsender,TV channel,"der Fernsehsender, -",TV channel,"der Frnsehsender, -",0.974
ch4-025,12,1a UB,OK,,gerecht,,,fair,gerecht,fair,geręcht,1.0
ch4-026,12,1a UB,OK,,Gericht,das,die Gerichte,court (of law),"das Gericht, -e (Ich bin Anwältin und oft am Gericht.)",court (of law) (I'm a lawyer and I'm often in court.),"das Gericht, -e (Ich bin Anwältin und oft am Gericht.)",0.978
ch4-027,12,1a UB,OK,,Gerichtsverhandlung,die,die Gerichtsverhandlungen,trial,"die Gerichtsverhandlung, -en",trial,"die Gerchtsverhandlung, -en",0.996
ch4-028,12,1a UB,OK,,herlstellen,,,to create,herlstellen,to create,her|stellen,0.974
ch4-029,12,1a UB,OK,,Industrie,die,die Industrien,industry,"die Industrie, -n",industry,"die Industrie, -n",0.964
ch4-030,12,1a UB,OK,,Landwirtschaft,die,,agriculture,die Landwirtschaft (Sg.),agriculture,die Lndwirtschaft (Sg.),0.984
ch4-031,12,1a UB,OK,,Menschenkenntnis,die,,"people skills, knowledge of people",die Menschenkenntnis (Sg.),"people skills, knowledge of people",die nschenkenntnis (Sg.),0.984
ch4-032,12,1a UB,OK,,Öffentlichkeit,die,,public,die öffentlichkeit (Sg.),public,die Öffentlichkeit (Sg.),0.996
ch4-033,12,1a UB,OK,,Partei,die,die Parteien,political party,"die Partei, -en",political party,"die Partei, -en",0.992
ch4-034,12,1a UB,OK,,Rechtsanwalt,der,die Rechtsanwälte,lawyer (m),"der Rechtsanwalt, ""-e",lawyer (m),"der Rchtsanwalt, ""-e",0.981
ch4-035,12,1a UB,OK,,Rechtsanwältin,die,die Rechtsanwältinnen,lawyer (f),"die Rechtsanwältin, -nen",lawyer (f),"die Rchtsanwältin, -nen",0.981
ch4-036,12,1a UB,OK,,Reportage,die,die Reportagen,report,"die Reportage, -n",report,"die Reportage, -n",0.957
ch4-037,12,1a UB,OK,,Reporter,der,die Reporter,reporter (m),"der Reporter, -",reporter (m),"der Reporter, -",0.989
ch4-038,12,1a UB,OK,,Reporterin,die,die Reporterinnen,reporter (f),"die Reporterin, -nen",reporter (f),"die Reporterin, -nen",0.981
ch4-039,12,1a UB,OK,,Richter,der,die Richter,judge (m),"der Richter, -",judge (m),"der Richter, -",0.984
ch4-040,12,1a UB,OK,,Richterin,die,die Richterinnen,judge (f),"die Richterin, -nen",judge (f),"die Rchterin, -nen",0.968
ch4-041,12,1a UB,OK,,Schreiner,der,die Schreiner,carpenter (m),"der Schreiner, -",carpenter (m),"der Schreiner, -",0.959
ch4-042,12,1a UB,OK,,Schreinerin,die,die Schreinerinnen,carpenter (f),"die Schreinerin, -nen",carpenter (f),"die Schreinerin, -nen",0.993
ch4-043,12,1a UB,OK,,Spezialist,der,die Spezialisten,specialist (m),"der Spezialist, -en",specialist (m),"der Spezialst, -en",0.995
ch4-044,12,1a UB,OK,,Spezialistin,die,die Spezialistinnen,specialist (f),"die Spezialistin, -nen",specialist (f),"die Spezialstin, -nen",0.988
ch4-045,12,1a UB,WARN,WARN auto_corrected: 'Yrteil' -> 'Urteil' (checked with Wiktionary),Urteil,das,die Urteile,verdict,"das Yrteil, -e",verdict,"das Urteil, -e",0.941
ch4-046,12,1a UB,OK,,Verbrechen,das,die Verbrechen,crime,"das Verbrechen, -",crime,"das Verbręchen, -",0.98
ch4-047,12,1c,OK,,Augenblick,der,die Augenblicke,moment,"der Augenblick, -e",moment,"der Augenblick, -e",0.995
ch4-048,12,1c,OK,,daran,,,about that,daran,about that,darn,0.999
ch4-049,12,1c,OK,,Entwicklung,die,die Entwicklungen,development,"die Entwicklung, -en",development,"die Entwicklung, -en",0.977
ch4-050,12,1c,WARN,WARN english_spelling: unknown English word(s): sth,ernst nehmen,,,to take sth seriously,"ernst nehmen, er nimmt ernst, nahm ernst, hat ernst genommen",to take sth seriously,"rnst nehmen, er nimmt rnst, nahm rnst, hat rnst genommen",0.984
ch4-051,12,3,WARN,WARN auto_corrected: 'auslhalten' -> 'aushalten' (checked with Wiktionary),aushalten,,,to cope (with),"auslhalten, er hált aus, hielt aus, hat ausgehalten",to cope (with),"aus|halten, er hält aus, hielt aus, hat ausgehalten",0.974
ch4-052,12,3,OK,,Wunschberuf,der,die Wunschberufe,dream job,"der Wunschberuf, -e",dream job,"der Wnschberuf, -e",0.977
ch4-053,13,4d,OK,,Konjunktivform,die,die Konjunktivformen,subjunctive form,"die Konjunktivform, -en",subjunctive form,"die Knjunktivform, -en",0.987
ch4-054,13,5a,OK,,Bedingungssatz,der,die Bedingungssätze,conditional clause,"der Bedingungssatz, ""-e",conditional clause,"der Bedingungssatz, ""-e",0.995
ch4-055,13,5a,WARN,WARN auto_corrected: 'freilnehmen' -> 'freinehmen' (checked with Wiktionary),freinehmen,,,to take time off,"freilnehmen, er nimmt frei, nahm frei, hat freigenommen",to take time off,"freilnehmen, er nimmt frei, nahm frei, hat freigenommen",0.996
ch4-056,13,5a,OK,,irreal,,,surreal,irreal,surreal,rreal,0.931
ch4-057,13,6a UB,OK,,Besteck,das,die Bestecke,cutlery,"das Besteck, -e",cutlery,"das Bestęck, -e",0.975
ch4-058,13,6a UB,OK,,Bürste,die,die Bürsten,brush,"die Bürste, -n",brush,"die Brste, -n",0.987
ch4-059,13,6a UB,WARN,WARN english_spelling: unknown English word(s): colour,färben,,,to colour,färben,to colour,färben,0.928
ch4-060,13,6a UB,OK,,föhnen,,,to dry ones hair,föhnen,to dry ones hair,föhnen,0.976
ch4-061,13,6a UB,OK,,Gaststätte,die,die Gaststätten,restaurant,"die Gaststätte, -n",restaurant,"die Gststätte, -n",0.973
ch4-062,13,6a UB,OK,,Hammer,der,die Hammer,hammer,"der Hammer, -",hammer,"der Hmmer, -",0.975
ch4-063,13,6a UB,OK,,Imbiss,der,die Imbisse,takeaway,"der Imbiss, -e",takeaway,"der Įmbiss, -e",0.976
ch4-064,13,6a UB,OK,,Kamm,der,die Kämme,comb,"der Kamm,""-e",comb,"der Kmm, ""-e",0.977
ch4-065,13,6a UB,OK,,Karton,der,die Kartons,carton,"der Karton, -s",carton,"der Karton, -s",0.993
ch4-066,13,6a UB,OK,,Rechner,der,die Rechner,calculator,"der Rechner, -",calculator,"der Rchner, -",0.961
ch4-067,13,6a UB,OK,,Schere,die,die Scheren,scissors,"die schere, -n",scissors,"die Schere, -n",0.965
ch4-068,13,6a UB,OK,,Umschlag,der,die Umschläge,envelope,"der Umschlag,""e",envelope,"der mschlag, ""-e",0.959
ch4-069,13,6c,OK,,sich irren,,,"to be wrong, to confuse",irren (sich) (in + D.),"to be wrong, to confuse",rren (sich) (in + D.),0.966
ch4-070,13,6c,ERROR,ERROR unknown_word: 'schútten' not in Wiktionary,schútten,,,to spill,"schútten (Peinlich, heute habe ich einem Kollegen aus Versehen Kaffee über das Hemd geschüttet.)","hier: to spill (Today I accidentally spilled coffee on a coworker's shirt, that was embarrassing.)","schtten (Peinlich, heute habe ich einem Kollegen aus Versehen Kaffee über das Hemd geschüttet.)",0.954
ch4-071,13,6c,OK,,Versehen,das,die Versehen,accident (accidentally),"das Versehen, - (aus Versehen)",accident (accidentally),"das Versehen, - (aus Versehen)",0.981
ch4-072,13,6c,OK,,verwechseln,,,to confuse,verwechseln,to confuse,verwęchseln,0.974
ch4-073,13,6c,ERROR,ERROR unknown_word: 'zusammen/sitzen' not in Wiktionary,zusammen/sitzen,,,to sit with,"zusammen/sitzen, er sitzt zusammen, saß zusammen, ist zusammengesessen",to sit with,"zusmmen|sitzen, er sitzt zusmmen, saß zusmmen, ist zusmmengesessen",0.98
ch4-074,13,6d,OK,,Absicht,die,die Absichten,intention,"die Absicht, -en",intention,"die Absicht, -en",0.96
ch4-075,13,6d,OK,,schrecklich,,,terrible,schrecklich (Es tut mir schrecklich leid!),terrible (I'm terribly sorry!),schręcklich (Es tut mir schrecklich leid!),0.996
ch4-076,13,6d,OK,,verzeihen,,,to forgive,"verzeihen, er verzieht, verzieh, hat verziehen",to forgive,"verzeihen, er verzieht, verzieh, hat verziehen",0.999
ch4-077,13,6e,OK,,kürzlich,,,shortly,kürzlich,shortly,krzlich,0.946
ch4-078,13,7a,OK,,unfreundlich,,,unfriendly,unfreundlich,unfriendly,nfreundlich,0.996
ch4-079,13,7a,OK,,Variante,die,die Varianten,variant,"die Variante, -n",variant,"die Varinte, -n",0.98
ch4-080,13,8b,ERROR,ERROR no_english: English translation is empty; WARN auto_corrected: 'ablschreiben' -> 'abschreiben' (checked with Wiktionary),abschreiben,,,,"ablschreiben, er schreibt ab, schrieb ab, to copy hat abgeschrieben",,"b|schreiben, er schreibt b, schrieb b, to copy hat bgeschrieben",0.987
ch4-081,13,8b,OK,,Anhang,der,die Anhänge,appendix,"der Anhang,""e",appendix,"der Anhang, ""-e",0.998
ch4-082,13,8b,WARN,WARN auto_corrected: 'anlkommen' -> 'ankommen' (checked with Wiktionary),ankommen,,,to depend on,"anlkommen (auf + D.), es kommt an, kam an, ist angekommen",hier: to depend on,"n|kommen (auf + D.), es kommt n, kam n, ist ngekommen",0.975
ch4-083,13,8b,WARN,WARN auto_corrected: 'aussagekráftig' -> 'aussagekräftig' (checked with Wiktionary),aussagekräftig,,,meaningful,aussagekráftig,meaningful,aussagekräftig,0.967
ch4-084,13,8b,OK,,Bescheinigung,die,die Bescheinigungen,certificate,"die Bescheinigung, -en",certificate,"die Bescheinigung, -en",0.981
ch4-085,13,8b,OK,,Bewerbungsfoto,das,die Bewerbungsfotos,application photo,"das Bewerbungsfoto, -s",application photo,"das Bewrbungsfoto, -s",0.982
ch4-086,13,8b,OK,,Bewerbungsportal,das,die Bewerbungsportale,application website,"das Bewerbungsportal, -e",application website,"das Bewęrbungsportal, -e",0.994
ch4-087,13,8b,OK,,Bewerbungsschreiben,das,die Bewerbungsschreiben,cover letter,"das Bewerbungsschreiben, -",cover letter,"das Bewęrbungsschreiben, -",0.971
ch4-088,13,8b,OK,,Bewerbungstraining,das,die Bewerbungstrainings,job application training,"das Bewerbungstraining, -s",job application training,"das Bewrbungstraining, -s",0.991
ch4-089,13,8b,WARN,"WARN english_spelling: unknown English word(s): bersetzung, direkte, hier, keine",darum,,,hier keine direkte bersetzung,"darum(Könntest du dich darum kümmern, dass unser Kunde pünktlich zum Flughafen kommt?)",hier keine direkte bersetzung (Could you take care that our client arrives at the airport on time?),"darm(Könntest du dich darum kümmern, dass unser Kunde pünktlich zum Flughafen kommt?)",0.981
ch4-090,13,8b,OK,,Download,der,die Downloads,download,"der Download, -s",download,"der Download, -s",0.97
ch4-091,13,8b,OK,,sich eignen,,,to be suitable for,eignen (sich) (für + A.),to be suitable for,eignen (sich) (für + A.),0.97
ch4-092,13,8b,OK,,enthalten,,,to contain,"enthalten, er enthält, enthielt, hat enthalten",to contain,"enthlten, er enthlt, enthielt, hat enthlten",0.985
ch4-093,14,8b,OK,,sich erkundigen,,,to inquire,erkundigen (sich) (nach + D.),to inquire,erkndigen (sich) (nach + D.),0.962
ch4-094,14,8b,OK,,Fortbildung,die,die Fortbildungen,further training,"die Fortbildung, -en",further training,"die Fortbildung, -en",0.991
ch4-095,14,8b,OK,,frühere,,,previous,frühere,previous,frühere,0.979
ch4-096,14,8b,OK,,Geduld,die,,patience,die Geduld (Sg.),patience,die Gedld (Sg.),0.976
ch4-097,14,8b,OK,,Institution,die,die Institutionen,institution,"die Institution, -en",institution,"die Institution, -en",0.995
ch4-098,14,8b,OK,,jedoch,,,however,jedoch,however,jedoch,1.0
ch4-099,14,8b,OK,,Jobsuche,die,die Jobsuchen,job search,"die Jobsuche, -n",job search,"die Jobsuche, -n",0.955
ch4-100,14,8b,OK,,Lebenslauf,der,die Lebensläufe,resume,"der Lebenslauf, ""-e",resume,"der Lebenslauf, ""-e",0.935
ch4-101,14,8b,ERROR,ERROR unknown_word: 'mit/schicken' not in Wiktionary,mit/schicken,,,to send along,mit/schicken,to send along,mt|schicken,0.935
ch4-102,14,8b,OK,,PDF-Dokument,das,die PDF-Dokumente,PDF document,"das PDF-Dokument, -e",PDF document,"das PDF-Dokumnt, -e",0.947
ch4-103,14,8b,OK,,Personalabteilung,die,die Personalabteilungen,human resources (HR),"die Personalabteilung, -en",human resources (HR),"die Personalabteilung, -en",0.979
ch4-104,14,8b,OK,,Personalchef,der,die Personalchefs,HR director (m),"der Personalchef, -s",HR director (m),"der Personglchef, -s",0.968
ch4-105,14,8b,OK,,Personalchefin,die,die Personalchefinnen,HR director (f),"die Personalchefin, -nen",HR director (f),"die Personalchefin, -nen",0.971
ch4-106,14,8b,OK,,Personalien,die,die Personalien,personal data,die Personalien (Pl.),personal data,die Personglien (Pl.),0.985
ch4-107,14,8b,OK,,Profi,der,die Profis,professional,"der Profi, -s",professional,"der Profi, -s",0.993
ch4-108,14,8b,OK,,Ratgeber,der,die Ratgeber,advisor,"der Ratgeber, -",advisor,"der Ratgeber, -",0.964
ch4-109,14,8b,OK,,relevant,,,relevant,relevant,relevant,relevnt,1.0
ch4-110,14,8b,OK,,sämtlich,,,all,sämtlich,all,smtlich,0.944
ch4-111,14,8b,OK,,selbstverständlich,,,of course,selbstverständlich,of course,sęlbstverständlich,0.958
ch4-112,14,8b,OK,,seriös,,,respectable,seriös,respectable,seriös,0.912
ch4-113,14,8b,OK,,Stand,der,,status,der Stand (Sg.) (Der Chef fragt mich oft nach dem Stand der Dinge in meinem Projekt.),status (My boss often inquires after the status of my projects.),der Stnd (Sg.) (Der Chef fragt mich oft nach dem Stand der Dinge in meinem Projekt.),0.968
ch4-114,14,8b,OK,,Voraussetzung,die,die Voraussetzungen,"prerequisite, condition","die Voraussetzung, -en","prerequisite, condition","die Voraussetzung, -en",0.973
ch4-115,14,8b,OK,,Vorlage,die,die Vorlagen,guideline,"die Vorlage, -n",guideline,"die Vorlage, -n",0.933
ch4-116,14,8b,OK,,zukünftig,,,future,zukünftig,future,zukünftig,0.987
ch4-117,14,8b,OK,,Zweck,der,die Zwecke,purpose,"der Zweck, -e",purpose,"der Zwęck, -e",0.95
ch4-118,14,9b,OK,,darüber,,,about that,darüber,about that,darüber,0.934
ch4-119,14,9b,OK,,Pronominaladverb,das,die Pronominaladverbien,pronominal adverb,"das Pronominaladverb, -ien",pronominal adverb,"das Pronomingladverb, -ien",0.994
ch4-120,14,9c,OK,,befriedigend,,,satisfying,befriedigend,satisfying,befriedigend,0.994
ch4-121,14,9c,OK,,sich beziehen,,,to refer to,"beziehen (sich) (auf + A.), er bezieht, bezog, hat bezogen",to refer to,"beziehen (sich) (auf + A.), er bezieht, bezog, hat bezogen",0.966
ch4-122,14,9c,OK,,danach,,,after that,"danach (Die freie Stelle? Ja, Frau Markovic hat sich danach erkundigt.)","after that (The vacant position? Yes, Ms. Markovic inquired after that.)","dangch (Die freie Stelle? Ja, Frau Markovic hat sich danach erkundigt.)",0.997
ch4-123,14,10a,OK,,Arbeitnehmer,der,die Arbeitnehmer,worker (m),"der Arbeitnehmer, -",worker (m),"der Arbeitnehmer, -",0.981
ch4-124,14,10a,OK,,Arbeitnehmerin,die,die Arbeitnehmerinnen,worker (f),"die Arbeitnehmerin, -nen",worker (f),"die Arbeitnehmerin, -nen",0.992
ch4-125,14,10a,OK,,Eindruck,der,die Eindrücke,impression,"der Eindruck, ""-e (Mach einen guten Eindruck auf den Arbeitgeber.)",impression (Make a good impression on the superiors.),"der Eindruck, ""-e (Mach einen guten Eindruck auf den Arbeitgeber.)",0.963
ch4-126,14,10a,ERROR,ERROR unknown_word: 'kleinmachen' not in Wiktionary,kleinmachen,,,to belittle oneself,kleinmachen,to belittle oneself,klein|machen,0.959
ch4-127,14,10a,WARN,WARN auto_corrected: 'úberzeugen' -> 'überzeugen' (checked with Wiktionary),überzeugen,,,to convince,úberzeugen (von + D.),to convince,überzeugen (von + D.),0.937
ch4-128,14,10c,OK,,qualifiziert,,,qualified,qualifiziert,qualified,qualifiziert,0.999
ch4-129,14,12a,OK,,Absprache,die,die Absprachen,agreement,"die Absprache, -n",agreement,"die Absprache, -n",0.99
ch4-130,14,12a,OK,,gesucht,,,wanted,gesucht,wanted,gesucht,1.0
ch4-131,14,12a,OK,,Inserat,das,die Inserate,"advertisement, insert","das Inserat, -e","advertisement, insert","das Inserat, -e",0.994
ch4-132,14,12a,OK,,kommunikativ,,,communicative,kommunikativ,communicative,kommunikativ,0.999
ch4-133,14,12a,WARN,WARN plural_missing: noun has a comma but no plural code (OCR may have dropped it),Nachtportier,der,,night porter (m),"der Nachtportier, -s/-e",night porter (m),"der Nchtportier, -s/-e",0.983
ch4-134,14,12a,OK,,Stundenlohn,der,die Stundenlöhne,hourly wage,"der Stundenlohn, ""e",hourly wage,"der Stndenlohn, ""-e",0.987
ch4-135,14,12a,OK,,Teilzeitjob,der,die Teilzeitjobs,part-time job,"der Teilzeitjob, -s",part-time job,"der Teilzeitjob, -s",0.992
ch4-136,14,12a,OK,,Vergnügen,das,die Vergnügen,"enjoyment, delight","das Vergnügen, -","enjoyment, delight","das Vergnügen, -",0.942
ch4-137,14,12a,OK,,Zeiteinteilung,die,die Zeiteinteilungen,time management,"die Zeiteinteilung, -en",time management,"die Zeiteinteilung, -en",0.983
ch4-138,14,12b,OK,,Bereich,der,die Bereiche,area,"der Bereich, -e",area,"der Bereich, -e",0.962
ch4-139,14,12b,OK,,Bewerbungsunterlagen,die,die Bewerbungsunterlagen,application,die Bewerbungsunterlagen (Pl.),application,die Bewrbungsunterlagen (Pl.),0.985
ch4-140,14,12b,OK,,Interessent,der,die Interessenten,interested party (m),"der Interessent, -en",interested party (m),"der Interessęnt, -en",0.984
ch4-141,14,12b,OK,,Interessentin,die,die Interessentinnen,interested party (f),"die Interessentin, -nen",interested party (f),"die Interessęntin, -nen",0.985
ch4-142,15,12b,WARN,WARN auto_corrected: 'vorbeilkommen' -> 'vorbeikommen' (checked with Wiktionary),vorbeikommen,,,to come over in person,"vorbeilkommen, er kommt vorbei, kam vorbei, ist vorbeigekommen",to come over in person,"vorbei|kommen, er kommt vorbei, kam vorbei, ist vorbeigekommen",0.979
ch4-143,15,13b,OK,,absolut,,,absolutely,absolut,absolutely,absolut,0.997
ch4-144,15,13b,OK,,aggressiv,,,aggressive,aggressiv,aggressive,aggressiv,0.999
ch4-145,15,13b,OK,,Anfahrt,die,die Anfahrten,journey,"die Anfahrt, -en",journey,"die Anfahrt, -en",0.968
ch4-146,15,13b,OK,,Aufmerksamkeit,die,,attention,die Aufmerksamkeit (Sg.),attention,die Aufmerksamkeit (Sg.),0.986
ch4-147,15,13b,OK,,Aufregung,die,,excitement,die Aufregung (Sg.),excitement,die Aufregung (Sg.),0.994
ch4-148,15,13b,OK,,Auftritt,der,die Auftritte,appearance,"der Auftritt, -e",appearance,"der Auftritt, -e",0.99
ch4-149,15,13b,OK,,Beurteilung,die,die Beurteilungen,assessment,"die Beurteilung, -en",assessment,"die Beurteilung, -en",0.991
ch4-150,15,13b,OK,,Bewerber,der,die Bewerber,applicant (m),"der Bewerber, -",applicant (m),"der Bewrber, -",0.961
ch4-151,15,13b,OK,,Bewerberin,die,die Bewerberinnen,applicant (f),"die Bewerberin, -nen",applicant (f),"die Bewrberin, -nen",0.984
ch4-152,15,13b,OK,,Branche,die,die Branchen,field of business,"die Branche, -n",field of business,"die Branche, -n",0.988
ch4-153,15,13b,OK,,Einstellung,die,die Einstellungen,"approach, attitude","die Einstellung, -en","approach, attitude","die Einstellung, -en",0.995
ch4-154,15,13b,OK,,entspannt,,,relaxed,entspannt,relaxed,entspnnt,0.999
ch4-155,15,13b,WARN,WARN auto_corrected: 'Föhigkeit' -> 'Fähigkeit' (checked with Wiktionary),Fähigkeit,die,die Fähigkeiten,ability,"die Föhigkeit, -en",ability,"die Fähigkeit, -en",0.904
ch4-156,15,13b,WARN,"WARN plural_missing: noun has a comma but no plural code (OCR may have dropped it); WARN plural_filled: plural missing in OCR, filled from Wiktionary: die Faktoren",Faktor,der,die Faktoren,factor,"der Faktor, Faktoren",factor,"der Fktor, Faktoren",0.999
ch4-157,15,13b,OK,,gesamt,,,whole,gesamt,whole,gesmt,0.999
ch4-158,15,13b,OK,,heraus-suchen,,,to look up,heraus-suchen,to look up,heraus-suchen,0.95
ch4-159,15,13b,OK,,konservativ,,,conservative,konservativ,conservative,konservativ,0.999
ch4-160,15,13b,OK,,Körperhaltung,die,die Körperhaltungen,posture,"die Körperhaltung, -en",posture,"die Krperhaltung, -en",0.984
ch4-161,15,13b,OK,,Körpersprache,die,,body language,die Körpersprache (Sg.),body language,die Krpersprache (Sg.),0.986
ch4-162,15,13b,OK,,lauter,,,all,lauter (Vor lauter Aufregung habe ich die Frage der Prüferin nicht verstanden.),hier: all (I didn't understand the question of the eximaner because of all the excitement.),lauter (Vor lauter Aufregung habe ich die Frage der Prüferin nicht verstanden.),0.984
ch4-163,15,13b,OK,,locker,,,casual,locker,casual,locker,0.993
ch4-164,15,13b,OK,,menschlich,,,human,menschlich,human,męnschlich,0.999
ch4-165,15,13b,OK,,möglichst,,,possible,möglichst,possible,möglichst,0.987
ch4-166,15,13b,OK,,offen,,,open,offen (leder Arbeitgeber freut sich über offene und engagierte Mitarbeiter.),open (Every employer is happy to have open and involved employees.),ffen (Jeder Arbeitgeber freut sich über offene und engagierte Mitarbeiter.),0.973
ch4-167,15,13b,OK,,optimistisch,,,optimistic,optimistisch,optimistic,optimistisch,0.999
ch4-168,15,13b,OK,,Outfit,das,die Outfits,outfit,"das Outfit, -s",outfit,"das Outfit, -s",0.984
ch4-169,15,13b,OK,,Persönlichkeit,die,die Persönlichkeiten,personality,"die Persönlichkeit, -en",personality,"die Persönlichkeit, -en",0.976
ch4-170,15,13b,OK,,Planung,die,die Planungen,plan,"die Planung, -en",plan,"die Planung, -en",0.967
ch4-171,15,13b,OK,,ruhig,,,calm,"ruhig (Sagen Sie ruhig, wenn Sie etwas nicht verstanden haben.)",calm (Ask calmly when you didn't understand something.),"ruhig (Sagen Sie ruhig, wenn Sie etwas nicht verstanden haben.)",0.982
ch4-172,15,13b,OK,,signalisieren,,,to signal,signalisieren,to signal,signalisieren,0.979
ch4-173,15,13b,OK,,steif,,,stiff,steif,stiff,steif,0.998
ch4-174,15,13b,OK,,stellen,,,to set,stellen (den Wecker stellen),to set (to set the alarm clock),stęllen (den Wecker stellen),0.992
ch4-175,15,13b,OK,,Unternehmer,der,die Unternehmer,business man,"der Unternehmer, -",business man,"der Unternehmer, -",0.993
ch4-176,15,13b,OK,,Unternehmerin,die,die Unternehmerinnen,business woman,"die Unternehmerin, -nen",business woman,"die Unternehmerin, -nen",0.997
ch4-177,15,13b,OK,,Verbindung,die,die Verbindungen,connection,"die Verbindung, -en",connection,"die Verbndung, -en",0.966
ch4-178,15,13b,WARN,WARN auto_corrected: 'vorlziehen' -> 'vorziehen' (checked with Wiktionary),vorziehen,,,to prefer,"vorlziehen, er zieht vor, zog vor, hat vorgezogen",to prefer,"vor|ziehen, er zieht vor, zog vor, hat vorgezogen",0.98
ch4-179,15,13b,WARN,WARN ocr_low_confidence: OCR confidence 0.59 < 0.85; WARN english_from_alt: used second OCR model: 'alarm to count numerous srouns to collect (to set the alarm clock; Punctuality counts as one of the most important characteristics of an applicant.)' -> 'alarm to count numerous furious to collect (to set the alarm clock; Punctuality counts as one of the most important characteristics of an applicant.)',Wecker,der,die Wecker,alarm to count numerous furious to collect (to set the alarm clock; Punctuality counts as one of the most important characteristics of an applicant.),"der Wecker, - (den Wecker stellen záhlen (zu + D.) (Pünktlichkeit záhlt zu den wichtigsten Eigenschaften eines Bewerbers.) zghlreich zornig zusammen/stellen",alarm (to set the alarm clock) to count (Punctuality counts as one of the most important characteristics of an applicant.) numerous srouns to collect,"der Wcker, - (den Wecker stellen) zählen (zu + D.) (Pünktlichkeit zählt zu den wichtigsten Eigenschaften eines Bewerbers.) zghlreich zornig zusmmen|stellen",0.588
ch4-180,15,13b,OK,,Zweifel,der,die Zweifel,doubt,"der Zweifel, -",doubt,"der Zweifel, -",0.975
ch4-181,15,13c,OK,,inhaltlich,,,ungefähr: relevant,inhaltlich,ungefähr: relevant,nhaltlich,0.936
ch4-182,15,13d,OK,,speziell,,,specifically,speziell,hier: specifically,spezięll,1.0
ch5-001,16,1a,OK,,Abfall,der,die Abfälle,waste,"der Abfall,""e",waste,"der Abfall, ""-e",0.998
ch5-002,16,1a,OK,,Autofahrer,der,die Autofahrer,driver (m),"der Autofahrer, -",driver (m),"der Autofahrer, -",0.969
ch5-003,16,1a,OK,,Autofahrerin,die,die Autofahrerinnen,driver (f),"die Autofahrerin, -nen",driver (f),"die Autofahrerin, -nen",0.991
ch5-004,16,1a,OK,,Bio-,,,organic (organic products),Bio- (Bio-Produkte),organic (organic products),Bio- (Bio-Produkte),0.995
ch5-005,16,1a,OK,,digital,,,digital,digital,digital,digital,0.999
ch5-006,16,1a,OK,,Durchschnitt,der,,average,der Durchschnitt (Sg.),average,der Drchschnitt (Sg.),1.0
ch5-007,16,1a,WARN,WARN auto_corrected: 'europáisch' -> 'europäisch' (checked with Wiktionary),europäisch,,,European,europáisch,European,europäisch,0.951
ch5-008,16,1a,OK,,Fleischkonsum,der,,meat consumption,der Fleischkonsum (Sg.),meat consumption,der Fleischkonsum (Sg.),1.0
ch5-009,16,1a,OK,,Huhn,das,die Hühner,chicken,"das Huhn, ""-er",chicken,"das Huhn, ""-er",0.957
ch5-010,16,1a,OK,,liegen,,,"to lie, to be located","liegen, er liegt, lag, hat gelegen (Der Marktanteil von Bio-Fleisch liegt nur bei zwei Prozent.)","to lie, to be located (The market share of organic meat lies at only two percent.)","liegen, er liegt, lag, hat gelegen (Der Marktanteil von Bio-Fleisch liegt nur bei zwei Prozent.)",0.973
ch5-011,16,1a,OK,,Marktanteil,der,die Marktanteile,market share,"der Marktanteil, -e",market share,"der Mrktanteil, -e",0.963
ch5-012,16,1a,WARN,WARN auto_corrected: 'mitlrechnen' -> 'mitrechnen' (checked with Wiktionary),mitrechnen,,,to include,mitlrechnen,hier: to include,mt|rechnen,0.942
ch5-013,16,1a,OK,,Papierverbrauch,der,,usage of paper,der Papierverbrauch (Sg.),usage of paper,der Papierverbrauch (Sg.),0.968
ch5-014,16,1a,WARN,WARN plural_mismatch: plural 'die Rekord' but Wiktionary has: Rekorde,Rekord,der,die Rekord,record,"der Rekord, -",record,"der Rekord, -e",0.968
ch5-015,16,1a,OK,,Rind,das,die Rinder,beef,"das Rind, -er",beef,"das Rnd, -er",0.995
ch5-016,16,1a,OK,,Trinkwasser,das,,drinking water,das Trinkwasser (Sg.),drinking water,das Trnkwasser (Sg.),0.975
ch5-017,16,1a,OK,,verbrauchen,,,to use up,verbrauchen,to use up,verbrauchen,0.995
ch5-018,16,1a,OK,,Verpackungsmüll,der,,packaging waste,der Verpackungsmüll (Sg.),packaging waste,der Verpckungsmüll (Sg.),0.988
ch5-019,16,2a,OK,,Bioprodukt,das,die Bioprodukte,organic product,"das Bioprodukt, -e",organic product,"das Bioprodukt, -e",0.986
ch5-020,16,2a,OK,,Recycling,das,,recycling,das Recycling (Sg.),recycling,das Recycling (Sg.),0.969
ch5-021,16,2a,OK,,Region,die,die Regionen,region,"die Region, -en",region,"die Region, -en",0.952
ch5-022,16,2a,OK,,regional,,,regional (ly),regional,regional(ly),regional,0.989
ch5-023,16,2a,OK,,schützen,,,to protect,schützen (vor + D.),to protect,schtzen (vor + D.),0.97
ch5-024,16,2a,OK,,Transportweg,der,die Transportwege,transport corridor,"der Transportweg, -e",transport corridor,"der Transportweg, -e",0.979
ch5-025,16,2b,OK,,Bio,,,organic,Bio,organic,Bio,0.991
ch5-026,16,2b,OK,,extrem,,,extreme,extrem,extreme,extrem,1.0
ch5-027,16,2b,OK,,Herkunft,die,die Herkünfte,origin,"die Herkunft, ""-e",origin,"die Herkunft, ""-e",0.981
ch5-028,16,2b,OK,,Marke,die,die Marken,brand,"die Marke, -n",brand,"die Mrke, -n",0.994
ch5-029,16,2b UB,OK,,Abgas,das,die Abgase,exhaust,"das Abgas, -e",exhaust,"das Abgas, -e",0.974
ch5-030,16,2b UB,OK,,aufhalten,,,to stop,"aufhalten, er hált auf, hielt auf, hat aufgehalten (Wir müssen die Klimaerwármung aufhalten!)",to stop (We need to stop global warming!),"auf|halten, er hält auf, hielt auf, hat aufgehalten (Wir müssen die Klimaerwärmung aufhalten!)",0.973
ch5-031,16,2b UB,OK,,bekämpfen,,,to fight,bekämpfen,to fight,bekmpfen,0.96
ch5-032,16,2b UB,OK,,beobachten,,,to observe,beobachten,to observe,beobachten,0.998
ch5-033,16,2b UB,ERROR,ERROR unknown_word: 'durch/setzen' not in Wiktionary,durch/setzen,,,"to push through, to force",durch/setzen,"to push through, to force",drch|setzen,0.957
ch5-034,16,2b UB,WARN,WARN auto_corrected: 'durchlstreichen' -> 'durchstreichen' (checked with Wiktionary),durchstreichen,,,to cross out,"durchlstreichen, er streicht durch, strich durch, hat durchgestrichen",to cross out,"drch|streichen, er streicht drch, strich drch, hat drchgestrichen",0.97
ch5-035,16,2b UB,OK,,Erde,die,,earth,die Erde (Sg.),earth,die Erde (Sg.),0.985
ch5-036,16,2b UB,OK,,erforschen,,,to investigate,erforschen,to investigate,erforschen,1.0
ch5-037,16,2b UB,OK,,ergreifen,,,to seize,"ergreifen, er ergreift, ergriff, hat ergriffen",to seize,"ergreifen, er ergreift, ergrff, hat ergrffen",0.987
ch5-038,16,2b UB,OK,,Ernte,die,die Ernten,harvest,"die Ernte, -n",harvest,"die rnte, -n",0.992
ch5-039,16,2b UB,OK,,ernten,,,to harvest,ernten,to harvest,rnten,1.0
ch5-040,16,2b UB,OK,,fördern,,,to promote,fördern,to promote,fördern,0.981
ch5-041,16,2b UB,OK,,Fortschritt,der,die Fortschritte,progress,"der Fortschritt, -e",progress,"der Fortschritt, -e",0.994
ch5-042,16,2b UB,OK,,Klimaerwärmung,die,,global warming,die Klimaerwärmung (Sg.),global warming,die Kmaerwärmung (Sg.),0.964
ch5-043,16,2b UB,OK,,Klimawandel,der,,climate change,der Klimawandel (Sg.),climate change,der Klmawandel (Sg.),0.972
ch5-044,16,2b UB,OK,,Maßnahme,die,die Maßnahmen,measure,"die MaBnahme, -n",measure,"die Maßnahme, -n",0.991
ch5-045,16,2b UB,OK,,messen,,,to measure,"messen, er misst, maß, hat gemessen",to measure,"męssen, er misst, maß, hat gemssen",0.984
ch5-046,17,2b UB,WARN,WARN auto_corrected: '8kologisch' -> 'ökologisch' (checked with Wiktionary),ökologisch,,,ecological,8kologisch,ecological,ökologisch,0.963
ch5-047,17,2b UB,WARN,WARN english_spelling: unknown English word(s): ressource,Ressource,die,die Ressourcen,ressource,"die Ressource, -n",ressource,"die Ressource, -n",0.967
ch5-048,17,2b UB,WARN,WARN auto_corrected: 'schádlich' -> 'schädlich' (checked with Wiktionary),schädlich,,,harmful,schádlich,harmful,schädlich,0.902
ch5-049,17,2b UB,OK,,stoppen,,,to stop,stoppen,to stop,stoppen,0.962
ch5-050,17,2b UB,WARN,WARN auto_corrected: 'Vmweltschutz' -> 'Umweltschutz' (checked with Wiktionary),Umweltschutz,der,,environmental protection,der Vmweltschutz (Sg.),environmental protection,der mweltschutz (Sg.),0.976
ch5-051,17,2b UB,WARN,WARN auto_corrected: 'Vmweltverschmutzung' -> 'Umweltverschmutzung' (checked with Wiktionary),Umweltverschmutzung,die,,pollution (environmental),die Vmweltverschmutzung (Sg.),(environmental) pollution,die mweltverschmutzung (Sg.),0.975
ch5-052,17,2b UB,OK,,unterstützen,,,to support,unterstützen,to support,untersttzen,0.979
ch5-053,17,2b UB,OK,,Ursache,die,die Ursachen,cause,"die Ursache, -n",cause,"die Ursache, -n",0.962
ch5-054,17,2b UB,OK,,vernichten,,,to destroy,vernichten,to destroy,vernchten,0.972
ch5-055,17,2b UB,OK,,verringern,,,to reduce,verringern,to reduce,verrngern,0.997
ch5-056,17,2b UB,OK,,verschwenden,,,to waste,verschwenden,to waste,verschwęnden,0.968
ch5-057,17,2b UB,OK,,zerstören,,,to destroy,zerstören,to destroy,zerstören,0.985
ch5-058,17,3,OK,,Begriff,der,die Begriffe,term,"der Begriff, -e",term,"der Begrff, -e",0.989
ch5-059,17,3,OK,,berechnen,,,to calculate,berechnen,to calculate,beręchnen,0.992
ch5-060,17,3,OK,,Fußabdruck,der,die Fußabdrücke,footprint,"der FuBabdruck, ""-e",footprint,"der Fußabdruck, ""-e",0.966
ch5-061,17,4a,OK,,Geschirrspüler,der,die Geschirrspüler,dishwasher,"der Geschirrspüler, -",dishwasher,"der Geschrrspüler, -",0.98
ch5-062,17,4a,WARN,WARN english_spelling: unknown English word(s): glas,Glasflasche,die,die Glasflaschen,glas bottle,"die Glasflasche, -n",glas bottle,"die Glasflasche, -n",0.993
ch5-063,17,4a,OK,,Öko-Duell,das,die Öko-Duelle,eco-duel,"das öko-Duell, -e",eco-duel,"das Öko-Duell, -e",0.94
ch5-064,17,4a,OK,,Plastikflasche,die,die Plastikflaschen,plastic bottle,"die Plastikflasche, -n",plastic bottle,"die Plstikflasche, -n",0.987
ch5-065,17,4b,OK,,allerdings,,,though,allerdings,though,llerdings,0.999
ch5-066,17,4b,OK,,Bedarf,der,,need,der Bedarf (Sg.),need,der Bedrf (Sg.),0.971
ch5-067,17,4b,OK,,Duschzeit,die,die Duschzeiten,shower time,"die Duschzeit, -en",shower time,"die Duschzeit, -en",0.984
ch5-068,17,4b,OK,,effizient,,,efficient,effizient,efficient,effizięnt,0.998
ch5-069,17,4b,OK,,Einwegflasche,die,die Einwegflaschen,disposable bottle,"die Einwegflasche, -n",disposable bottle,"die Einwegflasche, -n",0.993
ch5-070,17,4b,OK,,erwärmen,,,warming,erwärmen,warming,erwrmen,0.934
ch5-071,17,4b,OK,,Fall,der,die Fälle,case,"der Fall, ""-e (in jedem Fall)",case (in any case),"der Fll, ""-e (in jedem Fall)",0.978
ch5-072,17,4b,OK,,gedruckt,,,printed,gedruckt,printed,gedrckt,0.998
ch5-073,17,4b,OK,,kommen,,,to come to,"kommen (zu + D.), er kommt, kam, ist gekommen (Die Diskussion kam leider zu keinem Ergebnis.)",hier: to come to (The discussion did not come to a solution.),"kmmen (zu + D.), er kmmt, km, ist gekmmen (Die Diskussion kam leider zu keinem Ergebnis.)",0.972
ch5-074,17,4b,OK,,korrekt,,,correct,korrekt,correct,korrękt,1.0
ch5-075,17,4b,OK,,Mehrwegflasche,die,die Mehrwegflaschen,reusable bottle,"die Mehrwegflasche, -n",reusable bottle,"die Mehrwegflasche, -n",0.987
ch5-076,17,4b,WARN,WARN english_spelling: unknown English word(s): ecobalance,Ökobilanz,die,die Ökobilanzen,"ecobalance, life-cycle assessment","die ökobilanz, -en","ecobalance, life-cycle assessment","die Ökobilanz, -en",0.981
ch5-077,17,4b,OK,,Resultat,das,die Resultate,result,"das Resultat, -e",result,"das Resultat, -e",0.989
ch5-078,17,4b,OK,,Seite,die,die Seiten,side,"die seite, -n (Mit einer Spülmaschine sind Sie ökologisch auf der sicheren Seite.)",side (You're on the ecologically safer side with a dishwasher.),"die Seite, -n (Mit einer Spülmaschine sind Sie ökologisch auf der sicheren Seite.)",0.973
ch5-079,17,4b,OK,,treffen,,,to make,"treffen, er trifft, traf, hat getroffen (eine Wahl treffen)",hier: to make (to make a choice),"tręffen, er trifft, traf, hat getroffen (eine Wahl treffen)",0.962
ch5-080,17,4b,OK,,unterscheiden,,,to distinguish,"unterscheiden, er unterscheidet, unterschied, hat unterschieden",to distinguish,"unterscheiden, er unterscheidet, unterschied, hat unterschieden",0.972
ch5-081,17,4b,OK,,Wahl,die,die Wahlen,choice,"die Wahl, -en (eine Wahl treffen)",choice (to make a choice),"die Wahl, -en (eine Wahl treffen)",0.997
ch5-082,17,5a,OK,,Ökovergleich,der,die Ökovergleiche,eco-comparison,"der ökovergleich, -e",eco-comparison,"der Ökovergleich, -e",0.923
ch5-083,17,6a,OK,,Alternative,die,die Alternativen,alternative,"die Alternative, -n",alternative,"die Alternative, -n",0.996
ch5-084,17,6a,OK,,Pfandflasche,die,die Pfandflaschen,deposit bottle,"die Pfandflasche, -n",deposit bottle,"die Pfndflasche, -n",0.987
ch5-085,17,6b,OK,,Energiekosten,die,die Energiekosten,cost of energy,die Energiekosten (Pl.),cost of energy,die Energiekosten (PI.),0.992
ch5-086,17,7a,OK,,Satzzeichen,das,die Satzzeichen,punctuation marks,"das Satzzeichen, -",punctuation marks,"das Stzzeichen, -",0.971
ch5-087,17,7b,OK,,Müllproblem,das,die Müllprobleme,garbage problem,"das Müllproblem, -e",garbage problem,"das Mllproblem, -e",0.97
ch5-088,17,8a,OK,,Absatz,der,die Absätze,sales,"der Absatz, ""e",sales,"der Absatz, ""-e",0.974
ch5-089,17,8a,OK,,allein,,,alone,allein (18 Millionen Tonnen Lebensmittel werfen wir allein in Deutschland jáhrlich weg.),alone (We throw out 18 million tons of food per year in Germany alone.),allein (18 Millionen Tonnen Lebensmittel werfen wir allein in Deutschland jährlich weg.),0.89
ch5-090,18,8a,OK,,Außenseite,die,die Außenseiten,outside,"die AuBenseite, -n",outside,"die Außenseite, -n",0.986
ch5-091,18,8a,OK,,beschädigt,,,damaged,beschädigt,damaged,beschädigt,0.942
ch5-092,18,8a,OK,,dagegen,,,against,dagegen,against,dagegen,1.0
ch5-093,18,8a,OK,,damit,,,so that,"damit (Damit nicht so viel Müll entsteht, gibt es Pfandbecher.)",so that (There are deposit cups so that less waste is produced.),"damt (Damit nicht so viel Müll entsteht, gibt es Pfandbecher.)",0.968
ch5-094,18,8a,OK,,entstehen,,,to originate,"entstehen, er entsteht, entstand, ist entstanden",to originate,"entstehen, er entsteht, entstnd, ist entstnden",0.986
ch5-095,18,8a,ERROR,ERROR unknown_word: 'erháltlich' not in Wiktionary,erháltlich,,,to be available,erháltlich,to be available,erhltlich,0.953
ch5-096,18,8a,OK,,Gegend,die,die Gegenden,areas,"die Gegend, -en",areas,"die Gegend, -en",0.992
ch5-097,18,8a,OK,,Geschäftsidee,die,die Geschäftsideen,business idea,"die Geschäftsidee, -n",business idea,"die Geschftsidee, -n",0.977
ch5-098,18,8a,OK,,haltbar,,,durable,haltbar,durable,hltbar,0.999
ch5-099,18,8a,OK,,jederzeit,,,at any time,jederzeit,at any time,jederzeit,0.995
ch5-100,18,8a,OK,,Kaffeebecher,der,die Kaffeebecher,coffee cup,"der Kaffeebecher, -",coffee cup,"der Kffeebecher, -",0.962
ch5-101,18,8a,OK,,krumm,,,crooked,krumm,crooked,krmm,0.999
ch5-102,18,8a,OK,,Kunststoff,der,die Kunststoffe,plastic,"der Kunststoff, -e",plastic,"der Knststoff, -e",0.992
ch5-103,18,8a,OK,,landen,,,to land,landen (Es landen viel zu viele Kaffeebecher im Abfall.),to land (Way too many coffee cups land in the bin.),lnden (Es landen viel zu viele Kaffeebecher im Abfall.),0.983
ch5-104,18,8a,OK,,liefern,,,to deliver,liefern,to deliver,liefern,0.969
ch5-105,18,8a,OK,,Müllberg,der,die Müllberge,mountain of rubbish,"der Müllberg, e",mountain of rubbish,"der Mllberg, -e",0.936
ch5-106,18,8a,OK,,Mülleimer,der,die Mülleimer,rubbish bin,"der Mülleimer, -",rubbish bin,"der Mlleimer, -",0.943
ch5-107,18,8a,OK,,nachhaltig,,,sustainable,nachhaltig,sustainable,nachhaltig,0.996
ch5-108,18,8a,OK,,Neugründung,die,die Neugründungen,start-up,"die Neugründung, -en",start-up,"die Neugründung, -en",0.943
ch5-109,18,8a,OK,,Ökostrom,der,,green electricity,der ökostrom (Sg.),green electricity,der Ökostrom (Sg.),0.961
ch5-110,18,8a,OK,,Online-Shop,der,die Online-Shops,online shop,"der Online-Shop, -s",online shop,"der nline-Shop, -s",0.986
ch5-111,18,8a,OK,,Pfand,das,,deposit,das Pfand (Sg.),deposit,das Pfnd (Sg.),0.999
ch5-112,18,8a,OK,,recycelbar,,,recyclable,recycelbar,recyclable,recycelbar,1.0
ch5-113,18,8a,OK,,sogenannt,,,so-called,sogenannt,so-called,sogenannt,0.997
ch5-114,18,8a,WARN,WARN plural_mismatch: plural 'die Solarpanel' but Wiktionary has: Solarpanels,Solarpanel,das,die Solarpanel,solar panel,"das Solarpanel, -",solar panel,"das Solarpanel, -e",0.975
ch5-115,18,8a,OK,,Sonnenenergie,die,,sun energy,die Sonnenenergie (Sg.),sun energy,die Snnenenergie (Sg.),0.964
ch5-116,18,8a,ERROR,ERROR unknown_word: 'Up' not in Wiktionary,Start-up,das,die Start-ups,start-up,"das Start-up, -s",start-up,"das Start-up, -s",0.968
ch5-117,18,8a,OK,,Steckdose,die,die Steckdosen,"power outlet, socket","die Steckdose, -n","power outlet, socket","die Stęckdose, -n",0.985
ch5-118,18,8a,OK,,Tonne,die,die Tonnen,ton,"die Tonne, -n",ton,"die Tonne, -n",0.987
ch5-119,18,8a,OK,,um ... zu,,,in order to,um ... zu,in order to,um ... zu,0.93
ch5-120,18,8a,OK,,verleihen,,,to lend,"verleihen, er verleiht, verlieh, hat verliehen",to lend,"verleihen, er verleiht, verlieh, hat verliehen",0.96
ch5-121,18,8a,OK,,vermeiden,,,to avoid,"vermeiden, er vermeidet, vermied, hat vermieden",to avoid,"vermeiden, er vermeidet, vermied, hat vermieden",0.989
ch5-122,18,8a,OK,,Verschwendung,die,,waste,die Verschwendung (Sg.),waste,die Verschwndung (Sg.),0.982
ch5-123,18,8a,OK,,zu tun haben,,,to have to do with,zu tun haben (mit + D.) (Was haben diese Ideen mit der Umwelt zu tun?),to have to do with (What do these ideas have to do with the environment?),zu tun haben (mit + D.) (Was haben diese Ideen mit der Umwelt zu tun?),0.983
ch5-124,18,8a,ERROR,ERROR unknown_word: 'zurück/bekommen' not in Wiktionary,zurück/bekommen,,,to get back,"zurück/bekommen, er bekommt zurück, bekam zurück, hat zurückbekommen",to get back,"zurck|bekommen, er bekommt zurck, bekam zurck, hat zurckbekommen",0.968
ch5-125,18,8a,ERROR,ERROR unknown_word: 'zurúck/bringen' not in Wiktionary,zurúck/bringen,,,to bring back,"zurúck/bringen, er bringt zurúck, brachte zurück, hat zurückgebracht",to bring back,"zurck|bringen, er bringt zurck, brachte zurck, hat zurckgebracht",0.963
ch5-126,18,9a,OK,,Pfandbecher,der,die Pfandbecher,deposit cup,"der Pfandbecher, -",deposit cup,"der Pfndbecher, -",0.971
ch5-127,18,9a,OK,,retten,,,to rescue,retten,to rescue,rętten,1.0
ch5-128,18,9a,OK,,verlangen,,,to ask for,verlangen,to ask for,verlngen,0.971
ch5-129,18,9a,OK,,Wegwerfbecher,der,die Wegwerfbecher,disposable cup,"der Wegwerfbecher, -",disposable cup,"der Węgwerfbecher, -",0.97
ch5-130,18,9b,OK,,Aktion,die,die Aktionen,action,"die Aktion, -en",action,"die Aktion, -en",0.964
ch5-131,18,9c,OK,,elektronisch,,,electronic,elektronisch,electronic,elektronisch,1.0
ch5-132,18,9c,OK,,Stromverbrauch,der,,energy usage,der Stromverbrauch (Sg.),energy usage,der Stromverbrauch (Sg.),0.991
ch5-133,18,9c,OK,,Umwelttipp,der,die Umwelttipps,tip for the environment,"der Umwelttipp, -s",tip for the environment,"der mwelttipp, -s",0.94
ch5-134,18,9c,OK,,verschmutzen,,,to pollute,verschmutzen,to pollute,verschmtzen,0.981
ch5-135,18,9c,OK,,"P6 der Satzanfang, ""e",,,beginning of a sentence,"P6 der Satzanfang, ""e",beginning of a sentence,"p6 der Stzanfang, ""-e",0.993
ch5-136,19,10,ERROR,ERROR no_english: English translation is empty,Ansicht,die,die Ansichten,,"die Ansicht, -en (Ich bin der Ansicht, dass opinion (I'm of the opinion, that...) ...)",,"die nsicht, -en (Ich bin der Ansicht, dass opinion (I'm of the opinion, that...) ...)",0.949
ch5-137,19,10,WARN,WARN plural_mismatch: plural 'die Argument' but Wiktionary has: Argumente,Argument,das,die Argument,argument,"das Argument, -",argument,"das Argumnt, -e",0.967
ch5-138,19,10,OK,,Standpunkt,der,die Standpunkte,point of view,"der Standpunkt, -e",hier: point of view,"der Stndpunkt, -e",0.95
ch5-139,19,10,OK,,stehen,,,to be,"stehen, er steht, stand, hat gestanden (Ich stehe auf dem Standpunkt, dass ...)","hier: to be (It is my point of view, that...)","stehen, er steht, stnd, hat gestnden (Ich stehe auf dem Standpunkt, dass ...)",0.981
ch5-140,19,10,OK,,úberzeugt sein,,,to be convinced,úberzeugt sein (von + D.),to be convinced,überzeugt sein (von + D.),0.976
ch5-141,19,10,ERROR,WARN ocr_low_confidence: OCR confidence 0.83 < 0.85; ERROR unknown_word: 'tsuösun' not in Wiktionary,tsuösun,,,for free,tsuösun,for free,uusust,0.829
ch5-142,19,10,WARN,WARN plural_missing: noun has a comma but no plural code (OCR may have dropped it),Uni-Mensa,die,,university cafeteria,"die Uni-Mensa, -Mensen",university cafeteria,"die ni-Mensa, -Mensen",0.966
ch5-143,19,10,OK,,völlig,,,completely,völlig,completely,völlig,0.96
ch5-144,19,10,OK,,widersprechen,,,to contradict,"widersprechen, er widerspricht, widersprach, hat widersprochen",to contradict,"widerspręchen, er widersprcht, widersprach, hat widersprchen",0.986
ch5-145,19,11a,OK,,Blitz,der,die Blitze,lightning,"der Blitz, -e",lightning,"der Blitz, -e",0.929
ch5-146,19,11a,OK,,blitzen,,,to flash lightning,blitzen,to flash lightning,blitzen,0.986
ch5-147,19,11a,OK,,Donner,der,die Donner,thunder,"der Donner,",thunder,"der Donner, -",0.991
ch5-148,19,11a,OK,,donnern,,,to thunder,donnern,to thunder,donnern,1.0
ch5-149,19,11a,OK,,feucht,,,humid,feucht,humid,feucht,0.997
ch5-150,19,11a,OK,,hageln,,,to hail,hageln,to hail,hageln,0.939
ch5-151,19,11a,OK,,mild,,,mild,mild,mild,mild,0.996
ch5-152,19,11a,OK,,neblig,,,foggy,neblig,foggy,neblig,0.996
ch5-153,19,11a,OK,,nieseln,,,to drizzle,nieseln,to drizzle,nieseln,0.971
ch5-154,19,11a,OK,,regnerisch,,,rainy,regnerisch,rainy,regnerisch,1.0
ch5-155,19,11a,OK,,schwül,,,muggy,schwül,muggy,schwül,0.969
ch5-156,19,11a,OK,,stürmisch,,,stormy,stürmisch,stormy,strmisch,0.936
ch5-157,19,11a,OK,,Traumwetter,das,,dream weather,das Traumwetter (Sg.),dream weather,das Traumwetter (Sg.),0.999
ch5-158,19,11a,OK,,wolkig,,,cloudy,wolkig,cloudy,wolkig,0.998
ch5-159,19,11b,OK,,Wettervorhersage,die,die Wettervorhersagen,weather forecast,"die Wettervorhersage, -n",weather forecast,"die Wttervorhersage, -n",0.998
ch5-160,19,11c,OK,,Vorhersage,die,die Vorhersagen,forecast,"die Vorhersage, -n",forecast,"die Vorhersage, -n",0.99
ch5-161,19,11c,OK,,Wetterbesserung,die,,weather improvement,die Wetterbesserung (Sg.),weather improvement,die Wtterbesserung (Sg.),0.982
ch5-162,19,12a,ERROR,ERROR unknown_word: 'Gedáchtnis' not in Wiktionary,Gedáchtnis,das,,memory,das Gedáchtnis (Sg.),memory,das Gedchtnis (Sg.),0.955
ch5-163,19,12a,OK,,Herbststurm,der,die Herbststürme,autumn storm,"der Herbststurm, ""e",autumn storm,"der Hrbststurm, ""-e",0.991
ch5-164,19,12a,OK,,Schneesturm,der,die Schneestürme,snow storm,"der Schneesturm, ""-e",snow storm,"der Schneesturm, ""-e",0.99
ch5-165,19,12a,OK,,Sturm,der,die Stürme,storm,"der Sturm, ""-e",storm,"der Strm, ""-e",0.967
ch5-166,19,12a,OK,,stürmen,,,to storm,stürmen,to storm,stürmen,0.929
ch5-167,19,13a,WARN,WARN auto_corrected: 'aufkláren' -> 'aufklären' (checked with Wiktionary),aufklären,,,to inform,aufkláren,to inform,auf|klären,0.933
ch5-168,19,13a,OK,,sich beteiligen,,,to participate,beteiligen (sich) (an + D.),to participate,beteiligen (sich) (an + D.),0.982
ch5-169,19,13a,OK,,Bevölkerung,die,die Bevölkerungen,population,"die Bevölkerung, -en",population,"die Bevlkerung, -en",0.947
ch5-170,19,13a,OK,,Bürger,der,die Bürger,citizen (m),"der Bürger,",citizen (m),"der Bürger, -",0.973
ch5-171,19,13a,OK,,Bürgerin,die,die Bürgerinnen,citizen (f),"die Bürgerin, -nen",citizen (f),"die Brgerin, -nen",0.985
ch5-172,19,13a,OK,,dienen,,,to serve,dienen (als + N.),to serve,dienen (als + N.),0.962
ch5-173,19,13a,OK,,drehen,,,to turn,drehen,to turn,drehen,0.999
ch5-174,19,13a,OK,,Engagement,das,die Engagements,"commitment, involvement extra","das Engagement, -s","commitment, involvement extra","das Engagemęnt, -s extrd",0.959
ch5-175,19,13a,ERROR,ERROR unknown_word: 'geschútzt' not in Wiktionary,geschútzt,,,protected,geschútzt,protected,geschtzt,0.961
ch5-176,19,13a,OK,,Hauskatze,die,die Hauskatzen,domestic cat,"die Hauskatze, -n",domestic cat,"die Hauskatze, -n",0.985
ch5-177,19,13a,OK,,hilflos,,,helpless,hilflos,helpless,hlflos,0.965
ch5-178,19,13a,OK,,Idee,die,die Ideen,idea,"die Idee, -n (auf eine Idee kommen)",idea (to get an idea),"die Idee, -n (auf eine Idee kommen)",0.965
ch5-179,19,13a,OK,,mmer wieder,,,again and again,mmer wieder,again and again,mmer wieder,0.982
ch5-180,19,13a,OK,,Infomaterial,das,die Infomaterialien,information material,"das Infomaterial, -ien",information material,"das nfomaterial, -ien",0.991
ch5-181,19,13a,OK,,Katzenfreund,der,die Katzenfreunde,cat lover (m),"der Katzenfreund, -e",cat lover (m),"der Ktzenfreund, -e",0.96
ch5-182,19,13a,OK,,Katzenfreundin,die,die Katzenfreundinnen,cat lover (f),"die Katzenfreundin, -nen",cat lover (f),"die Ktzenfreundin, -nen",0.964
ch5-183,20,13a,OK,,Klima,das,,climate,das Klima (Sg.),climate,das Klįma (Sg.),0.993
ch5-184,20,13a,OK,,ländlich,,,rural,ländlich,rural,lndlich,0.927
ch5-185,20,13a,OK,,Mitfahrbank,die,die Mitfahrbänke,ride-on bench,"die Mitfahrbank, ""e",ride-on bench,"die Mtfahrbank, ""-e",0.98
ch5-186,20,13a,WARN,WARN english_spelling: unknown English word(s): neighbouring,Nachbardorf,das,die Nachbardörfer,neighbouring village,"das Nachbardorf, ""-er",neighbouring village,"das Nchbardorf, ""-er",0.965
ch5-187,20,13a,OK,,Naturfreund,der,die Naturfreunde,nature lover (m),"der Naturfreund, -e",nature lover (m),"der Naturfreund, -e",0.996
ch5-188,20,13a,OK,,Naturfreundin,die,die Naturfreundinnen,nature lover (f),"die Naturfreundin, -nen",nature lover (f),"die Naturfreundin, -nen",0.981
ch5-189,20,13a,OK,,pflanzen,,,to plant,pflanzen,to plant,pflnzen,0.964
ch5-190,20,13a,OK,,schaden,,,to harm,schaden,to harm,schaden,1.0
ch5-191,20,13a,OK,,Schwierigkeit,die,die Schwierigkeiten,difficulty,"die Schwierigkeit, -en",difficulty,"die Schwierigkeit, -en",0.957
ch5-192,20,13a,OK,,Strauch,der,die Sträucher,bush,"der Strauch, ""er",bush,"der Strauch, ""-er",0.993
ch5-193,20,13a,OK,,Themenwoche,die,die Themenwochen,theme week,"die Themenwoche, -n",theme week,"die Themenwoche, -n",0.98
ch5-194,20,13a,OK,,verteilen,,,to distribute,verteilen,to distribute,verteilen,1.0
ch5-195,20,13a,OK,,Vorort,der,die Vororte,suburb,"der Vorort, -e",suburb,"der Vorort, -e",0.981
ch5-196,20,13a,OK,,Wildkatze,die,die Wildkatzen,wild cat,"die Wildkatze, -n",wild cat,"die Wldkatze, -n",0.973
ch5-197,20,13a,OK,,zählen,,,to count,zählen (Kannst du auf Arabisch bis zehn záhlen?),to count (Can you count to ten in Arabic?),zählen (Kannst du auf Arabisch bis zehn zählen?),0.935
ch5-198,20,13a,OK,,Zeichen,das,die Zeichen,symbol,"das Zeichen,",symbol,"das Zeichen, -",0.988
ch5-199,20,13c,WARN,WARN auto_corrected: 'sich anlschließen' -> 'sich anschließen' (checked with Wiktionary),sich anschließen,,,to follow,"anlschlieBen (sich), er schlieBt an, schloss an, hat angeschlossen (Beim Plogging kann man sich einer Gruppe anschlieBen.)",hier: to follow (When you go plogging you can follow a group.),"n|schließen (sich), er schließt n, schloss n, hat ngeschlossen (Beim Plogging kann man sich einer Gruppe anschließen.)",0.951
ch5-200,20,13c,WARN,WARN auto_corrected: 'auflheben' -> 'aufheben' (checked with Wiktionary),aufheben,,,to pick up,"auflheben, er hebt auf, hob auf, hat aufgehoben",to pick up,"auflheben, er hebt auf, hob auf, hat aufgehoben",0.99
ch5-201,20,13c,OK,,aufwändig,,,laborious,aufwändig,laborious,aufwändig,0.963
ch5-202,20,13c,OK,,Geschwindigkeit,die,die Geschwindigkeiten,speed,"die Geschwindigkeit, -en",speed,"die Geschwindigkeit, -en",0.979
ch5-203,20,13c,WARN,WARN english_spelling: unknown English word(s): plogging,Plogging,das,,plogging,das Plogging (Sg.),plogging,das Plogging (Sg.),0.961
ch5-204,20,13e,OK,,sich engagieren,,,to be involved,engagieren (sich) (für/gegen + A.),to be involved,engagieren (sich) (für/gegen + A.),0.971
ch5-205,20,13e,OK,,Teilnehmer,der,die Teilnehmer,participant (m),"der Teilnehmer, -",participant (m),"der Teilnehmer, -",0.967
ch5-206,20,13e,OK,,Teilnehmerin,die,die Teilnehmerinnen,participant (f),"die Teilnehmerin, -nen",participant (f),"die Teilnehmerin, -nen",0.983
ch5-207,20,13e,OK,,k&k deklinieren,,,to decline,k&k deklinieren,to decline,k&k deklinieren,1.0
ch5-208,20,13e,OK,,entfallen,,,omitted,"entfallen, er entfállt, entfiel, ist entfallen",omitted,"entfllen, er entfllt, entfiel, ist entfllen",0.981
ch5-209,20,13e,OK,,Finalsatz,der,die Finalsätze,final sentence,"der Finalsatz, ""-e",final sentence,"der Finglsatz, ""-e",0.985
ch5-210,20,13e,WARN,WARN auto_corrected: 'Mweltaktion' -> 'Umweltaktion' (checked with Wiktionary),Umweltaktion,die,die Umweltaktionen,environmental campaign,"die mweltaktion, -en",environmental campaign,"die mweltaktion, -en",0.995
ch6-001,20,1a,OK,,Bildunterschrift,die,die Bildunterschriften,picture subtitle,"die Bildunterschrift, -en",picture subtitle,"die Bldunterschrift, -en",0.993
ch6-002,20,1a,OK,,Chip,der,die Chips,chip,"der Chip, -s",chip,"der Chp, -s",0.928
ch6-003,20,1a,OK,,Daten-Chip,der,die Daten-Chips,data chip,"der Daten-Chip, -s",data chip,"der Daten-Chip, -s",0.967
ch6-004,20,1a,OK,,Drohne,die,die Drohnen,drone,"die Drohne, -n",drone,"die Drohne, -n",0.975
ch6-005,20,1a,OK,,Haut,die,die Häute,skin,"die Haut, ""-e",skin,"die Haut, ""-e",0.995
ch6-006,20,1a,OK,,irgendwann,,,sometime,irgendwann,sometime,rgendwnn,0.989
ch6-007,20,1a,OK,,Mars,der,,Mars,der Mars (Sg.),Mars,der Mrs (Sg.),0.998
ch6-008,20,1a,OK,,Mobilität,die,,mobility,die Mobilität (Sg.),mobility,die Mobilität (Sg.),0.944
ch6-009,20,1a,OK,,Passagier,der,die Passagiere,passenger (m),"der Passagier, -e",passenger (m),"der Passagier, -e",0.936
ch6-010,20,1a,OK,,Passagierin,die,die Passagierinnen,passenger (f),"die Passagierin, -nen",passenger (f),"die Passagierin, -nen",0.978
ch6-011,20,1a,OK,,Planet,der,die Planeten,planet,"der Planet, -en",planet,"der Planet, -en",0.99
ch6-012,20,1a,OK,,staubsaugen,,,to vacuum (clean),staubsaugen,to vacuum (clean),staubsaugen,0.98
ch6-013,20,1a,OK,,übernehmen,,,to take on,"übernehmen, er úbernimmt, úbernahm, hat übernommen",to take on,"übernehmen, er übernmmt, übernahm, hat übernmmen",0.964
ch6-014,20,1a,OK,,Wohnanlage,die,die Wohnanlagen,residential complex,"die Wohnanlage, -n",residential complex,"die Wohnanlage, -n",0.987
ch6-015,20,1b,OK,,Prognose,die,die Prognosen,prognosis,"die Prognose, -n",prognosis,"die Prognose, -n",0.964
ch6-016,21,2a,OK,,von ... aus,,,from,von ... aus (Ich arbeite viel von zu Hause aus.),from (I work a lot from home.),von .. aus (Ich arbeite viel von zu Hause aus.),0.957
ch6-017,21,3a,OK,,Anlass,der,die Anlässe,reason,"der Anlass, ""-e",reason,"der Anlass, ""-e",0.984
ch6-018,21,3a,OK,,"silvester, -",,,new year,"silvester, - (ohne Artikel)",new year,"Silvęster, - (ohne Artikel)",0.983
ch6-019,21,3a,WARN,WARN auto_corrected: 'sich vorlnehmen' -> 'sich vornehmen' (checked with Wiktionary); WARN english_spelling: unknown English word(s): sth,sich vornehmen,,,to plan to do sth,"vorlnehmen (sich), er nimmt vor, nahm vor, hat vorgenommen",to plan to do sth,"vorInehmen (sich), er nimmt vor, nahm vor, hat vorgenommen",0.983
ch6-020,21,3b,OK,,Ausrede,die,die Ausreden,excuse,"die Ausrede, -n",excuse,"die Ausrede, -n",0.983
ch6-021,21,3b,OK,,befragen,,,to question,befragen,to question,befragen,0.963
ch6-022,21,3b,OK,,dauernd,,,constant,dauernd,constant,dauernd,1.0
ch6-023,21,3b,OK,,einfach so,,,just like that,einfach so,just like that,einfach so,0.988
ch6-024,21,3b,OK,,fassen,,,to make,fassen (einen Vorsatz fassen),hier: to make (to make a resolution),fssen (einen Vorsatz fassen),0.98
ch6-025,21,3b,OK,,frisch,,,fresh,frisch (Ich genieBe die Ruhe und die frische Luft.),fresh,frsch (Ich genieße die Ruhe und die frische Luft.),0.993
ch6-026,21,3b,OK,,Leser,der,die Leser,reader (m),"der Leser, -",reader (m),"der Leser, -",0.959
ch6-027,21,3b,OK,,Leserin,die,die Leserinnen,reader (f),"die Leserin, -nen",reader (f),"die Leserin, -nen",0.968
ch6-028,21,3b,OK,,Süßes,,,sweet,"SüBes (Papa, bringst du uns was SüBes aus dem Supermarkt mit?)","sweet (Daddy, will you bring us something sweet from the supermarket?)","Süßes (Papa, bringst du uns was Süßes aus dem Supermarkt mit?)",0.965
ch6-029,21,3b,OK,,Vorsatz,der,die Vorsätze,resolution,"der Vorsatz, ""-e (einen Vorsatz fassen)",resolution (to make a resolution),"der Vorsatz, ""-e (einen Vorsatz fassen)",0.982
ch6-030,21,3b,OK,,werden,,,Will,werden (Was wird sich in der Zukunft ándern?),Will (What will change in the future?),werden (Was wird sich in der Zukunft ändern?),0.952
ch6-031,21,3b,OK,,Futur,das,,future (tense),das Futur (Sg.),future (tense),pε das Futur (Sg.),0.981
ch6-032,21,3e,OK,,Wahrheit,die,die Wahrheiten,truth,"die Wahrheit, -en",truth,"die Wahrheit, -en",0.978
ch6-033,21,4a,OK,,gelingen,,,to succeed,"gelingen, es gelingt, gelang, ist gelungen",to succeed,"gelngen, es gelngt, gelng, ist gelngen",0.986
ch6-034,21,4a,OK,,realisieren,,,to realize,realisieren,to realize,realisieren,0.981
ch6-035,21,4b,OK,,Hauptproblem,das,die Hauptprobleme,main problem,"das Hauptproblem, -e",main problem,"das Hauptproblem, -e",0.969
ch6-036,21,4b,OK,,konkret,,,concrete,konkret,concrete,konkret,1.0
ch6-037,21,5a,OK,,eventuell,,,potential,eventuell,potential,eventuęll,0.985
ch6-038,21,5a,OK,,N-Deklination,die,die N-Deklinationen,n-declination,"die n-Deklination, -en",n-declination,"die n-Deklination, -en",0.997
ch6-039,21,5a,OK,,Praktikant,der,die Praktikanten,intern (m),"der Praktikant, -en",intern (m),"der Praktiknt, -en",0.986
ch6-040,21,5a,OK,,Praktikantin,die,die Praktikantinnen,intern (f),"die Praktikantin, -nen",intern (f),"die Praktikntin, -nen",0.965
ch6-041,21,5a,OK,,Zitat,das,die Zitate,quote,"das Zitat, -e",quote,"das Zitat, -e",0.967
ch6-042,21,5b,OK,,Affe,der,die Affen,monkey,"der Affe, -n",monkey,"der Affe, -n",0.978
ch6-043,21,5b,OK,,Elefant,der,die Elefanten,elephant,"der Elefant, -en",elephant,"der Elefnt, -en",0.984
ch6-044,21,5b,OK,,Löwe,der,die Löwen,lion,"der Löwe, -n",lion,"der Löwe, -n",0.961
ch6-045,21,5b,WARN,WARN auto_corrected: 'Pádagoge' -> 'Pädagoge' (checked with Wiktionary),Pädagoge,der,die Pädagogen,educator (m),"der Pádagoge, -n",educator (m),"der Pädagoge, -n",0.937
ch6-046,21,5b,OK,,Pädagogin,die,die Pädagoginnen,educator (f),"die Pädagogin, -nen",educator (f),"die Pädagogin, -nen",0.968
ch6-047,21,6a,OK,,Vokallänge,die,die Vokallängen,vowel length,"die Vokallänge, -n",vowel length,"die Vokallänge, -n",0.947
ch6-048,21,7b,OK,,anonym,,,anonymous,anonym,anonymous,anonym,1.0
ch6-049,21,7b,OK,,Arbeitsort,der,die Arbeitsorte,"place of work, workplace","der Arbeitsort, -e","place of work, workplace","der Arbeitsort, -e",0.996
ch6-050,21,7b,WARN,WARN auto_corrected: 'sich auflhalten' -> 'sich aufhalten' (checked with Wiktionary),sich aufhalten,,,to be,"auflhalten (sich), er hált auf, hielt auf, hat aufgehalten (Sie hált sich viel in der Küche der WG auf.)",hier: to be (She's often in the kitchen of the flat share.),"auf|halten (sich), er hält auf, hielt auf, hat aufgehalten (Sie hält sich viel in der Küche der WG auf.)",0.973
ch6-051,21,7b,WARN,WARN auto_corrected: 'auslgehen' -> 'ausgehen' (checked with Wiktionary),ausgehen,,,to assume,"auslgehen (von + D.), er geht aus, ging aus, ist ausgegangen (Experten gehen davon aus, dass ...)","to assume (Experts assume, that...)","auslgehen (von + D.), er geht aus, ging aus, ist ausgegangen (Experten gehen davon aus, dass ..)",0.985
ch6-052,21,7b,OK,,autonom,,,autonomous,autonom,autonomous,autonom,0.999
ch6-053,21,7b,OK,,sich befinden,,,to be located,"befinden (sich), er befindet, befand, hat befunden",to be located,"befnden (sich), er befndet, befnd, hat befnden",0.996
ch6-054,21,7b,OK,,begegnen,,,to see,begegnen,to see,begegnen,0.999
ch6-055,21,7b,OK,,Dienstleistungsbereich,der,die Dienstleistungsbereiche,service industry,"der Dienstleistungsbereich, -e",service industry,"der Dienstleistungsbereich, -e",0.992
ch6-056,22,7b,OK,,Erholungsmöglichkeit,die,die Erholungsmöglichkeiten,recreational opportunities,"die Erholungsmöglichkeit, -en",recreational opportunities,"die Erholungsmöglichkeit, -en",0.988
ch6-057,22,7b,OK,,Fünftel,das,die Fünftel,fifth,"das Fünftel, -",fifth,"das Fnftel, -",0.951
ch6-058,22,7b,OK,,Fußweg,der,die Fußwege,foot path,"der FuBweg,-e",foot path,"der Fußweg, -e",0.984
ch6-059,22,7b,OK,,Grünfläche,die,die Grünflächen,green space,"die Grünfläche, -n",green space,"die Grünfläche, -n",0.952
ch6-060,22,7b,OK,,Hausbewohner,der,die Hausbewohner,inhabitant (m),"der Hausbewohner, -",inhabitant (m),"der Hausbewohner, -",0.987
ch6-061,22,7b,OK,,Hausbewohnerin,die,die Hausbewohnerinnen,inhabitant (f),"die Hausbewohnerin, -nen",inhabitant (f),"die Hausbewohnerin, -nen",0.988
ch6-062,22,7b,OK,,Hausfassade,die,die Hausfassaden,house front,"die Hausfassade, -n",house front,"die Hausfassade, -n",0.995
ch6-063,22,7b,OK,,heutig,,,present day,heutig (Heutige Fahrzeuge können noch nicht fliegen.),present day (Present day cars can't fly yet.),heutig (Heutige Fahrzeuge können noch nicht fliegen.),0.987
ch6-064,22,7b,OK,,Homeoffice,das,,home office,das Homeoffice (Sg.),home office,das Homeoffice (Sg.),0.98
ch6-065,22,7b,OK,,längst,,,for a long time,längst,for a long time,längst,0.904
ch6-066,22,7b,OK,,lauten,,,to be,lauten,hier: to be,lauten,0.999
ch6-067,22,7b,OK,,Lebensqualität,die,,quality of life,die Lebensqualität (Sg.),quality of life,die Lebensqualität (Sg.),0.96
ch6-068,22,7b,OK,,lebenswert,,,to be worth living in,lebenswert,to be worth living in,lebenswert,0.972
ch6-069,22,7b,WARN,WARN english_spelling: unknown English word(s): mikro,Mikro-Wohnen,das,,mikro living,das Mikro-Wohnen (Sg.),mikro living,das Mikro-Wohnen (Sg.),0.978
ch6-070,22,7b,OK,,miteinander,,,togetherness,miteinander,togetherness,miteinander,0.999
ch6-071,22,7b,OK,,Prinzip,das,die Prinzipien,principle,"das Prinzip, -ien",principle,"das Prinzip, -ien",0.995
ch6-072,22,7b,OK,,Privatauto,das,die Privatautos,private car,"das Privatauto, -s",private car,"das Privatauto, -s",0.98
ch6-073,22,7b,OK,,Rolle,die,die Rollen,role,"die Rolle, -n (Geld spielt für viele eine wichtige Rolle im Leben.)",role (Money plays a big role in life for many people.),"die Rolle, -n (Geld spielt für viele eine wichtige Rolle im Leben.)",0.996
ch6-074,22,7b,OK,,Solarzelle,die,die Solarzellen,solar cell,"die Solarzelle, -n",solar cell,"die Solarzelle, -n",0.985
ch6-075,22,7b,OK,,spielen,,,to play,spielen (Geld spielt für viele eine wichtige Rolle im Leben.),to play (Money plays a big role in life for many people.),spielen (Geld spielt für viele eine wichtige Rolle im Leben.),0.985
ch6-076,22,7b,OK,,Stadtviertel,das,die Stadtviertel,area,"das Stadtviertel, -",area,"das Stdtviertel, -",0.994
ch6-077,22,7b,OK,,vergrößern,,,to enlarge,vergröBern,to enlarge,vergrößern,0.934
ch6-078,22,7b,OK,,voraussichtlich,,,to be expected,voraussichtlich,to be expected,voraussichtlich,0.967
ch6-079,22,7b,OK,,wachsen,,,to grow,"wachsen, er wächst, wuchs, ist gewachsen",to grow,"wchsen, er wchst, wuchs, ist gewchsen",0.978
ch6-080,22,7b,OK,,Windturbine,die,die Windturbinen,wind turbine,"die Windturbine, -n",wind turbine,"die Wndturbine, -n",0.987
ch6-081,22,7c UB,OK,,Akademie,die,die Akademien,academy,"die Akademie, -n",academy,"die Akademie, -n",0.996
ch6-082,22,7c UB,OK,,Altenheim,das,die Altenheime,care home/ care facility,"das Altenheim, -e",care home/ care facility,"das Altenheim, -e",0.992
ch6-083,22,7c UB,OK,,Fundbüro,das,die Fundbüros,lost and found office,"das Fundbüro, -s",lost and found office,"das Fndbüro, -S",0.979
ch6-084,22,7c UB,OK,,Fußgängerzone,die,die Fußgängerzonen,pedestrian zone,"die FuBgängerzone, -n",pedestrian zone,"die Fußgängerzone, -n",0.969
ch6-085,22,7c UB,OK,,Hallenbad,das,die Hallenbäder,indoor swimming pool,"das Hallenbad, ""er",indoor swimming pool,"das Hllenbad, ""-er",0.983
ch6-086,22,7c UB,ERROR,ERROR unknown_word: 'Kindertagesstátte' not in Wiktionary,Kindertagesstátte,die,die Kindertagesstátten,kindergarten,"die Kindertagesstátte, -n",kindergarten,"die Kndertagesstätte, -n",0.97
ch6-087,22,7c UB,OK,,Kiosk,der,die Kioske,kiosk,"der Kiosk, -e",kiosk,"der Kjosk, -e",0.988
ch6-088,22,7c UB,OK,,Klinik,die,die Kliniken,hospital,"die Klinik, -en",hospital,"die Klinik, -en",0.991
ch6-089,22,7c UB,WARN,WARN ocr_low_confidence: OCR confidence 0.78 < 0.85,Tierpark,der,die Tierparks,z00,"der Tierpark, -s",z00,"der Tierpark, -s",0.782
ch6-090,22,7c UB,OK,,Volkshochschule,die,die Volkshochschulen,community college,"die Volkshochschule, -n",community college,"die Volkshochschule, -n",0.974
ch6-091,22,7c UB,OK,,Zirkus,der,die Zirkusse,circus,"der Zirkus, -se",circus,"der Zrkus, -se",0.977
ch6-092,22,7d,OK,,Anteil,der,die Anteile,percentage,"der Anteil, -e",percentage,"der Anteil, -e",0.996
ch6-093,22,8a,WARN,WARN auto_corrected: 'um/formulieren' -> 'umformulieren' (checked with Wiktionary),umformulieren,,,to rephrase,um/formulieren,to rephrase,m|formulieren,0.968
ch6-094,22,8b,OK,,Kasus,der,,case,der Kasus (Sg.),case,der Kasus (Sg.),0.998
ch6-095,22,8c,OK,,Bürgermeister,der,die Bürgermeister,mayor (m),"der Bürgermeister, -",mayor (m),"der Brgermeister, -",0.972
ch6-096,22,8c,OK,,Bürgermeisterin,die,die Bürgermeisterinnen,mayor (f),"die Bürgermeisterin, -nen",mayor (f),"die Brgermeisterin, -nen",0.99
ch6-097,22,8d,OK,,Bildung,die,,education,die Bildung (Sg.) (Eine gute Bildung hilft für das ganze Leben.),education (A good education helps you your whole life long.),die Bldung (Sg.) (Eine gute Bildung hilft für das ganze Leben.),0.966
ch6-098,22,8d,OK,,möglicherweise,,,possibly,möglicherweise,possibly,möglicherweise,0.99
ch6-099,22,8d,OK,,Verkehrssituation,die,die Verkehrssituationen,traffic situation,"die Verkehrssituation, -en",traffic situation,"die Verkehrssituation, -en",0.994
ch6-100,22,8d,OK,,Wohnraum,der,die Wohnräume,living space,"der Wohnraum, ""e",living space,"der Wohnraum, ""-e",0.981
ch6-101,22,9a,OK,,Vorfreude,die,,anticipation,die Vorfreude (Sg.),anticipation,die Vorfreude (Sg.),0.997
ch6-102,22,9b,OK,,Melodie,die,die Melodien,melody,"die Melodie, -n",melody,"die Melodie, -n",0.973
ch6-103,22,9b,WARN,"WARN plural_missing: noun has a comma but no plural code (OCR may have dropped it); WARN plural_filled: plural missing in OCR, filled from Wiktionary: die Rhythmen",Rhythmus,der,die Rhythmen,rhythm,"der Rhythmus, Rhythmen",rhythm,"der Rhythmus, Rhythmen",1.0
ch6-104,23,9b,OK,,Stern,der,die Sterne,star,"der stern, -e",star,"der Stęrn, -e",0.915
ch6-105,23,9c,OK,,dahin,,,there,dahin,there,dahn,0.999
ch6-106,23,9c,OK,,grad,,,at the moment,grad,at the moment,grad,0.975
ch6-107,23,9c,OK,,Hürde,die,die Hürden,hurdle,"die Hürde, -n",hurdle,"die Hrde, -n",0.967
ch6-108,23,9c,OK,,in der Lage sein,,,to be able to,in der Lage sein (Ich bin grade nicht in,to be able to (I'm not able to move at the,in der Lage sein (Ich bin grade nicht in,0.983
ch6-109,23,9c,ERROR,"WARN plural_missing: noun has a comma but no plural code (OCR may have dropped it); ERROR article_mismatch: article 'der' but Wiktionary says die; WARN plural_filled: plural missing in OCR, filled from Wiktionary: die Lagen",Lage,der,die Lagen,moment.),"der Lage, mich zu bewegen.)",moment.),"der Lage, mich zu bewegen.)",0.953
ch6-110,23,9c,OK,,Liedzeile,die,die Liedzeilen,lyric,"die Liedzeile, -n",lyric,"die Liedzeile, -n",0.97
ch6-111,23,9c,WARN,WARN auto_corrected: 'nachldenken' -> 'nachdenken' (checked with Wiktionary),nachdenken,,,to think (about),"nachldenken , er denkt nach, dachte nach, hat nachgedacht",to think (about),"nach|denken , er denkt ngch, dachte nach, hat nachgedacht",0.961
ch6-112,23,9c,OK,,schweben,,,to float,schweben,to float,schweben,0.966
ch6-113,23,9c,OK,,selber,,,self,selber (ugs. für selbst),self,sęlber (ugs. für selbst),0.99
ch6-114,23,9c,OK,,stapeln,,,to stack,stapeln,to stack,stapeln,1.0
ch6-115,23,9c,OK,,Tiefe,die,die Tiefen,depth,"die Tiefe, -n",depth,"die Tiefe, -n",0.989
ch6-116,23,9c,OK,,Umschreibung,die,die Umschreibungen,paraphrase,"die Umschreibung, -en",paraphrase,"die Umschreibung, -en",0.968
ch6-117,23,9c,OK,,P6 bewerten,,,to evaluate,P6 bewerten,to evaluate,p6 bewrten,0.959
ch6-118,23,9c,OK,,kitschig,,,cheesy,kitschig,cheesy,kitschig,0.998
ch6-119,23,9c,OK,,verständlich,,,understandable,verständlich,understandable,verstndlich,0.974
ch6-120,23,9,OK,,"üß der Bass, ""-e",,"die üß der Bäss, ""-ee",bass,"üB der Bass, ""-e",bass,"der Bss, ""-e",0.97
ch6-121,23,9,OK,,Flöte,die,die Flöten,flute,"die Flöte, -n",flute,"die Flöte, -n",0.951
ch6-122,23,9,OK,,Musikinstrument,das,die Musikinstrumente,musical instrument,"das Musikinstrument, -e",musical instrument,"das Musikinstrument, -e",0.994
ch6-123,23,9,OK,,Piano,das,die Pianos,piano,"das Piano, -s",piano,"das Piano, -s",0.987
ch6-124,23,9,OK,,Schlagzeug,das,die Schlagzeuge,drums,"das Schlagzeug, -e",drums,"das Schlagzeug, -e",0.985
ch6-125,23,9,OK,,Violine,die,die Violinen,violin,"die Violine, -n",violin,"die Violine, -n",0.96
ch6-126,23,10a,OK,,Auszeichnung,die,die Auszeichnungen,award,"die Auszeichnung, -en",award,"die Auszeichnung, -en",0.991
ch6-127,23,10a,OK,,Biografie,die,die Biografien,biography,"die Biografie, -n",biography,"die Biografie, -n",0.969
ch6-128,23,10a,OK,,Casting-Show,die,die Casting-Shows,casting show,"die Casting-Show, -s",casting show,"die Casting-Show, -s",0.987
ch6-129,23,10a,OK,,Charts,die,die Charts,charts,die Charts (Pl.),charts,die Charts (Pl.),0.986
ch6-130,23,10a,OK,,Coversong,der,die Coversongs,cover song,"der Coversong, -s",cover song,"der Cversong, -s",0.991
ch6-131,23,10a,OK,,Jury,die,die Jurys,jury,"die Jury, -s",jury,"die Jury, -s",0.962
ch6-132,23,10a,OK,,Preis,der,die Preise,prize,"der Preis, -e",prize,"der Preis, -e",0.979
ch6-133,23,10a,OK,,Songwriter,der,die Songwriter,songwriter (m),"der Songwriter, -",songwriter (m),"der Songwriter, -",0.985
ch6-134,23,10a,OK,,Songwriterin,die,die Songwriterinnen,songwriter (f),"die Songwriterin, -nen",songwriter (f),"die Sngwriterin, -nen",0.993
ch6-135,23,10b,WARN,WARN auto_corrected: 'mitlsingen' -> 'mitsingen' (checked with Wiktionary),mitsingen,,,to sing along,"mitlsingen, er singt mit, sang mit, hat mitgesungen",to sing along,"mt|singen, er singt mt, sang mt, hat mtgesungen",0.968
ch6-136,23,10b,OK,,Song,der,die Songs,song,"der Song, -s",song,"der Song, -s",0.984
ch6-137,23,10b,OK,,Songtitel,der,die Songtitel,song title,"der Songtitel, -",song title,"der Songtitel, -",0.95
ch6-138,23,10b,OK,,k&k bezeichnen,,,to mean,k&k bezeichnen,to mean,k&k bezeichnen,1.0
ch6-139,23,10b,OK,,Bezeichnung,die,die Bezeichnungen,term,"die Bezeichnung, -en",term,"die Bezeichnung, -en",0.983
ch6-140,23,10b,OK,,Doktorand,der,die Doktoranden,PhD student (m),"der Doktorand, -en",PhD student (m),"der Doktornd, -en",0.982
ch6-141,23,10b,OK,,Doktorandin,die,die Doktorandinnen,PhD student (f),"die Doktorandin, -nen",PhD student (f),"die Doktorndin, -nen",0.97
ch6-142,23,10b,WARN,"WARN plural_missing: noun has a comma but no plural code (OCR may have dropped it); WARN plural_filled: plural missing in OCR, filled from Wiktionary: die Internationalismen",Internationalismus,der,die Internationalismen,internationalism,"der Internationalismus, Internationalismen",internationalism,"der Internationalsmus, Internationalsmen",1.0
ch7-001,23,1a,OK,,zwischenmenschlich,,,interpersonal,zwischenmenschlich,interpersonal,zwschenmenschlich,0.999
ch7-002,23,1a,OK,,üß decken,,,to lay,üB decken (den Tisch decken),hier: to lay (to lay the table),dcken (den Tisch decken),0.973
ch7-003,23,1a,OK,,Erhöhung,die,die Erhöhungen,increase,"die Erhöhung, -en",increase,"die Erhöhung, -en",0.937
ch7-004,23,1a,OK,,Forderung,die,die Forderungen,demand,"die Forderung, -en",demand,"die Forderung, -en",0.99
ch7-005,23,1a,OK,,Gelände,das,die Gelände,site,"das Gelände, -",site,"das Gelände, -",0.923
ch7-006,23,1a,OK,,Gelegenheit,die,die Gelegenheiten,opportunity,"die Gelegenheit, -en",opportunity,"die Gelegenheit, -en",0.958
ch7-007,23,1a,OK,,Grill,der,die Grills,grill,"der Grill, -s",grill,"der Grįll, -s",0.977
ch7-008,23,1a,OK,,hassen,,,to hate,hassen,to hate,hssen,0.999
ch7-009,24,1a,OK,,Institut,das,die Institute,institute,"das Institut, -e",institute,"das Institut, -e",0.933
ch7-010,24,1a,OK,,Kabine,die,die Kabinen,cabin,"die Kabine, -n",cabin,"die Kabine, -n",0.977
ch7-011,24,1a,OK,,klären,,,to settle,klären,to settle,klären,0.891
ch7-012,24,1a,OK,,Krankenkasse,die,die Krankenkassen,insurance company,"die Krankenkasse, -n",insurance company,"die Krnkenkasse, -n",0.975
ch7-013,24,1a,OK,,Lagerfeuer,das,die Lagerfeuer,campfire,"das Lagerfeuer, -",campfire,"das Lagerfeuer, -",0.983
ch7-014,24,1a,OK,,Mahnung,die,die Mahnungen,reminder,"die Mahnung, -en",reminder,"die Mahnung, -en",0.986
ch7-015,24,1a,WARN,WARN ocr_low_confidence: OCR confidence 0.69 < 0.85; WARN english_from_alt: used second OCR model: 'Anp' -> 'duty',Pflicht,die,die Pflichten,duty,"die Pflicht, -en",Anp,"die Pflcht, -en",0.685
ch7-016,24,1a,ERROR,ERROR unknown_word: 'Prásident' not in Wiktionary,Prásident,der,die Prásidenten,president (m),"der Prásident, -en",president (m),"der Präsidnt, -en",0.963
ch7-017,24,1a,OK,,Präsidentin,die,die Präsidentinnen,president (f),"die Präsidentin, -nen",president (f),"die Präsidntin, -nen",0.972
ch7-018,24,1a,OK,,Prof,der,die Profs,professor,"der Prof, -s (= Professor/in)",professor,"der Prof, -s (= Professor/in)",0.988
ch7-019,24,1a,OK,,Schatz,der,die Schätze,darling,"der Schatz, ""-e (Hallo, mein Schatz!)",darling,"der Schtz, ""-e (Hallo, mein Schatz!)",0.987
ch7-020,24,1a,OK,,schätzen,,,to guess,"schätzen (Ich schätze, so tolle Nachbarn findet man selten.)",to guess (I guess you don't find such nice neighbours often.),"schtzen (Ich schätze, so tolle Nachbarn findet man selten.)",0.969
ch7-021,24,1a,WARN,WARN auto_corrected: 'Spátschicht' -> 'Spätschicht' (checked with Wiktionary),Spätschicht,die,die Spätschichten,late shift,"die Spátschicht, -en",late shift,"die Spätschicht, -en",0.959
ch7-022,24,1a,OK,,streiken,,,to go on strike,streiken,to go on strike,streiken,0.989
ch7-023,24,1a,OK,,Teilnahme,die,,participation,die Teilnahme (Sg.),participation,die Teilnahme (Sg.),0.991
ch7-024,24,1a,OK,,Versammlung,die,die Versammlungen,assembly,"die Versammlung, -en",assembly,"die Versmmlung, -en",0.99
ch7-025,24,1a,OK,,sich verspäten das Verständnis,,,to be late,verspäten (sich) das Verständnis (Sg.) (Verständnis haben sympathy (To have sympathy for + A.) für + A.),to be late,verspäten (sich) das Verstndnis (Sg.) (Verständnis haben sympathy (To have sympathy for + A.) für + A.),0.953
ch7-026,24,1a,OK,,Vorstellung,die,die Vorstellungen,introduction,"die Vorstellung, -en (Kommst du zur Vorstellung der neuen Präsidentin?)",introduction (Are you coming to the introduction of the new president?),"die Vorstellung, -en (Kommst du zur Vorstellung der neuen Präsidentin?)",0.979
ch7-027,24,2a,ERROR,ERROR no_english: English translation is empty; WARN auto_corrected: 'hervorlheben' -> 'hervorheben' (checked with Wiktionary),hervorheben,,,,"hervorlheben, er hebt hervor, hob hervor, to highlight hat hervorgehoben",,"hervorlheben, er hebt hervor, hob hervor, to highlight hat hervorgehoben",0.992
ch7-028,24,2a,OK,,schätzen,,,to value,schätzen (an + D.) (An meinem Chef schätze ich vor allem seine Ruhe und Freundlichkeit.),to value (I especially value my boss' calmness and friendliness.),schtzen (an + D.) (An meinem Chef schätze ich vor allem seine Ruhe und Freundlichkeit.),0.963
ch7-029,24,2b,OK,,aus den Augen verlieren,,,to lose touch,aus den Augen verlieren (Meine Freunde aus der Kindheit habe ich leider aus den Augen verloren.),to lose touch (Sadly I've lost touch with my childhood friends.),aus den Augen verlieren (Meine Freunde aus der Kindheit habe ich leider aus den Augen verloren.),0.995
ch7-030,24,2b,OK,,Ausgabe,die,die Ausgaben,edition,"die Ausgabe, -n (Lesen Sie den spannenden Artikel in der Juli-Ausgabe.)",edition (Read the interesting article in luly's edition.),"die Ausgabe, -n (Lesen Sie den spannenden Artikel in der Juli-Ausgabe.)",0.976
ch7-031,24,2b,OK,,beim Alten bleiben,,,to stay the same,"beim Alten bleiben (Früher dachte ich, dass immer alles beim Alten bleibt.)",to stay the same (I used to think that everything always stays the same.),"beim Alten bleiben (Früher dachte ich, dass immer alles beim Alten bleibt.)",0.972
ch7-032,24,2b,OK,,berufstätig,,,working,berufstätig,working,berufstätig,0.957
ch7-033,24,2b,OK,,beschließen,,,to decide,"beschlieBen, er beschlieBt, beschloss, hat beschlossen",to decide,"beschließen, er beschließt, beschloss, hat beschlssen",0.982
ch7-034,24,2b,WARN,"WARN plural_missing: noun has a comma but no plural code (OCR may have dropped it); WARN plural_filled: plural missing in OCR, filled from Wiktionary: die Cliquen",Clique,die,die Cliquen,clique busy at work.) against,"die Clique, -n eingespannt sein (Meine Freunde und ich to be very busy (My friends and I are all very sind alle beruflich stark eingespannt.) entgegen (+ G.)",clique busy at work.) against,"die Clique, -n eingespannt sein (Meine Freunde und ich to be very busy (My friends and I are all very sind alle beruflich stark eingespannt.) entgegen (+ G.)",0.979
ch7-035,24,2b,OK,,Erwartung,die,die Erwartungen,expectation,"die Erwartung, -en",expectation,"die Erwrtung, -en",0.974
ch7-036,24,2b,OK,,Ewigkeit,die,die Ewigkeiten,ages,"die Ewigkeit, -en",ages,"die Ewigkeit, -en",0.957
ch7-037,24,2b,OK,,feststellen,,,to realize,feststellen,to realize,fęst|stellen,1.0
ch7-038,24,2b,OK,,Freundschaftsgeschichte,die,die Freundschaftsgeschichten,friendship history,"die Freundschaftsgeschichte, -n",friendship history,"die Freundschaftsgeschichte, -n",0.98
ch7-039,24,2b,OK,,Gespräch,das,die Gespräche,conversation,"das Gespräch, -e (ins Gespräch kommen)",conversation (to start a conversation),"das Gespräch, -e (ins Gespräch kommen)",0.945
ch7-040,24,2b,WARN,WARN auto_corrected: 'gutltun' -> 'guttun' (checked with Wiktionary),guttun,,,to benefit,"gutltun, er tut gut, tat gut, hat gutgetan",to benefit,"gut|tun, er tut gut, tat gut, hat gutgetan",0.984
ch7-041,24,2b,OK,,halten,,,to hold,"halten, er hält, hielt, hat gehalten (Unsere Freundschaft hält schon seit 20 Jahren.)",to hold (Our friendship has held for 20 years.),"hlten, er hlt, hielt, hat gehlten (Unsere Freundschaft hält schon seit 20 Jahren.)",0.927
ch7-042,24,2b,OK,,Konflikt,der,die Konflikte,conflict,"der Konflikt, -e",conflict,"der Konflkt, -e",0.983
ch7-043,24,2b,OK,,kräftig,,,hard,kräftig,hard,krftig,0.93
ch7-044,24,2b,OK,,nachdem,,,after,nachdem,after,nachdem,0.996
ch7-045,25,2b,OK,,selbe,,,same,selbe (Inga und ich wohnen im selben Haus.),same (Inga and I live in the same house.),slbe (Inga und ich wohnen im selben Haus.),0.983
ch7-046,25,2b,OK,,Studienplatz,der,die Studienplätze,place to study,"der Studienplatz, ""-e",place to study,"der Studienplatz, ""-e",0.986
ch7-047,25,2b,OK,,verlieren,,,to lose,"verlieren, er verliert, verlor, hat verloren (aus den Augen verlieren)",to lose (to lose touch),"verlieren, er verliert, verlor, hat verloren (aus den Augen verlieren)",0.998
ch7-048,25,2b,OK,,sich verstehen,,,to get along,"verstehen (sich) (mit + D.), er versteht, verstand, hat verstanden (Ich verstehe mich nicht so gut mit meinem Mitbewohner.)",to get along (I don't get along well with my flat mate.),"verstehen (sich) (mit + D.), er versteht, verstnd, hat verstnden (Ich verstehe mich nicht so gut mit meinem Mitbewohner.)",0.969
ch7-049,25,2b,OK,,Weg,der,die Wege,path,"der Weg, -e (Meiner besten Freundin bin ich zufällig úber den Weg gelaufen.)",path (My best friend and I crossed paths by chance.),"der Weg, -e (Meiner besten Freundin bin ich zufällig über den Weg gelaufen.)",0.961
ch7-050,25,2b,WARN,WARN auto_corrected: 'zusammenlstoßen' -> 'zusammenstoßen' (checked with Wiktionary),zusammenstoßen,,,to crash together,"zusammenlstoBen, er stöBt zusammen, stieB zusammen, ist zusammengestoBen",to crash together,"zusmmen|stoßen, er stößt zusmmen, stieß zusmmen, ist zusmmengestoßen",0.964
ch7-051,25,2b,ERROR,ERROR unknown_word: 'zusammen/wohnen' not in Wiktionary,zusammen/wohnen,,,to live together,zusammen/wohnen,to live together,zusmmen|wohnen,0.98
ch7-052,25,3a,OK,,Bildung,die,die Bildungen,formation,"die Bildung, -en (Wie ist die Bildung des Plusquamperfekts?)",formation (What is the formation of the pluperfect?),"die Bldung, -en (Wie ist die Bildung des Plusquamperfekts?)",0.988
ch7-053,25,3a,OK,,Gegenwart,die,,present,die Gegenwart (Sg.),present,die Gegenwart (Sg.),0.985
ch7-054,25,3a,OK,,Plusquamperfekt,das,,pluperfect,das Plusquamperfekt (Sg.),pluperfect,das Plsquamperfekt (Sg.),0.999
ch7-055,25,3a,OK,,Vorvergangenheit,die,,past perfect,die Vorvergangenheit (Sg.),past perfect,die Vorvergangenheit (Sg.),0.987
ch7-056,25,4c,OK,,Netzwerk,das,die Netzwerke,network,"das Netzwerk, -e",network,"das Nętzwerk, -e",0.988
ch7-057,25,6a,OK,,Konfliktsituation,die,die Konfliktsituationen,conflict situation,"die Konfliktsituation, -en",conflict situation,"die Konfliktsituation, -en",0.978
ch7-058,25,6c,OK,,bevor,,,before,bevor,before,bevor,0.996
ch7-059,25,6c,OK,,erschöpft seit since,,,exhausted,"erschöpft seit (Seit ich dich kenne, bin ich glücklich.)  since (I've been happy since I met you.)",exhausted,"erschöpft seit (Seit ich dich kenne, bin ich glücklich.) since (I've been happy since I met you.)",0.985
ch7-060,25,6c,OK,,seitdem,,,since,"seitdem (Seitdem du den Job gewechselt hast, bist du immer gestresst.)",since (You're always stressed since you've changed jobs.),"seitdem (Seitdem du den Job gewechselt hast, bist du immer gestresst.)",0.981
ch7-061,25,6c,WARN,"WARN ocr_disagree: OCR models read 'wahrend' and 'während' - both are real words, check the PDF",wahrend,,,while,"wahrend (Ich putze, während ich telefoniere.)",while (I clean while I'm on the phone.),"während (Ich putze, während ich telefoniere.)",0.947
ch7-062,25,6d,OK,,Schülerjob,der,die Schülerjobs,student job,"der Schülerjob, -s",student job,"der Schülerjob, -s",0.941
ch7-063,25,8a,OK,,akzeptieren,,,to accept,akzeptieren,to accept,akzeptieren,0.947
ch7-064,25,8a,OK,,bereit sein,,,to be ready,bereit sein (zu + D.),to be ready,bereit sein (zu + D.),0.991
ch7-065,25,8a,OK,,diplomatisch,,,diplomatic,diplomatisch,diplomatic,diplomatisch,0.999
ch7-066,25,8a,OK,,sich einigen,,,to agree,einigen (sich) (auf + A.),to agree,einigen (sich) (auf + A.),0.992
ch7-067,25,8a,OK,,erleichtern,,,to facilitate,erleichtern,to facilitate,erleichtern,0.996
ch7-068,25,8a,OK,,gehören,,,to belong to,gehören (zu + D.),to belong to,gehören (zu + D.),0.988
ch7-069,25,8a,WARN,"WARN english_spelling: unknown English word(s): bersetzung, hier, keine",Goldwaage,die,die Goldwaagen,hier keine bersetzung,"die Goldwaage, -n (Leg doch nicht jedes Wort auf die Goldwaage!)",hier keine bersetzung (Don't take every word too literally!),"die Gldwaage, -n (Leg doch nicht jedes Wort auf die Goldwaage!)",0.978
ch7-070,25,8a,OK,,Harmonie,die,die Harmonien,harmony,"die Harmonie, -n",harmony,"die Harmonie, -n",0.997
ch7-071,25,8a,OK,,Ich-Aussage,die,die Ich-Aussagen,I-statement,"die Ich-Aussage, -n",I-statement,"die ch-Aussage, -n",0.955
ch7-072,25,8a,OK,,Kritik,die,die Kritiken,criticism,"die Kritik, -en",criticism,"die Kritik, -en",0.989
ch7-073,25,8a,WARN,WARN auto_corrected: 'nachlgeben' -> 'nachgeben' (checked with Wiktionary),nachgeben,,,to give in,"nachlgeben, er gibt nach, gab nach, hat nachgegeben",to give in,"nach|geben, er gibt nach, gab nach, hat nachgegeben",0.989
ch7-074,25,8a,OK,,schweigen,,,to remain silent,"schweigen, er schweigt, schwieg, hat geschwiegen",to remain silent,"schweigen, er schweigt, schwieg, hat geschwiegen",1.0
ch7-075,25,8a,WARN,WARN english_spelling: unknown English word(s): arguement,Streit,der,die Streite,arguement,"der streit, -e",arguement,"der Streit, -e",0.958
ch7-076,25,8a,OK,,Wort,das,die Wörter,word,"das Wort, ""-er (Leg doch nicht jedes Wort auf die Goldwaage!)",word (Don't take every word too literally!),"das Wrt, ""-er (Leg doch nicht jedes Wort auf die Goldwaage!)",0.98
ch7-077,25,8a,OK,,zu Ende sein,,,to finish,zu Ende sein,to finish,zu Ende sein,0.956
ch7-078,25,9a,OK,,sich aufregen,,,to get annoyed,aufregen (sich) (úber + A.),to get annoyed,auf|regen (sich) (über + A.),0.984
ch7-079,25,9a,WARN,"WARN plural_missing: noun has a comma but no plural code (OCR may have dropped it); WARN plural_filled: plural missing in OCR, filled from Wiktionary: die Streitgespräche",Streitgespräch,das,die Streitgespräche,argument,"das Streitgespräch, -e übertreiben, er übertreibt, úbertrieb, hat to exaggerate übertrieben",argument,"das Streitgespräch, -e übertreiben, er übertreibt, übertrieb, hat to exaggerate übertrieben",0.961
ch7-080,25,9a,OK,,undiplomatisch,,,undiplomatic,undiplomatisch,undiplomatic,ndiplomatisch,0.996
ch7-081,26,10a,WARN,WARN plural_mismatch: plural 'die Modalpartikel' but Wiktionary has: Modalpartikeln,Modalpartikel,die,die Modalpartikel,modal particle,"die Modalpartikel, -",modal particle,"die Modalpartikel, -",0.968
ch7-082,26,11a,OK,,sich B amúsieren,,,to amuse,B amúsieren (sich) (úber + A.),to amuse,amüsieren (sich) (über + A.),0.999
ch7-083,26,11a,OK,,angeblich,,,allegedly,angeblich,allegedly,ngeblich,0.999
ch7-084,26,11a,OK,,behaupten,,,to claim,behaupten,to claim,behaupten,0.994
ch7-085,26,11a,OK,,Behauptung,die,die Behauptungen,claim,"die Behauptung, -en",claim,"die Behauptung, -en",0.982
ch7-086,26,11a,OK,,beschäftigt sein,,,to be busy,beschäftigt sein (mit + D.),to be busy,beschftigt sein (mit + D.),0.981
ch7-087,26,11a,OK,,beweisen,,,to prove,"beweisen, er beweist, bewies, hat bewiesen",to prove,"beweisen, er beweist, bewies, hat bewiesen",0.964
ch7-088,26,11a,OK,,Ehegatte,der,die Ehegatten,spouse (m),"der Ehegatte, -n",spouse (m),"der Ehegatte, -n",0.984
ch7-089,26,11a,OK,,Ehegattin,die,die Ehegattinnen,spouse s (f),"die Ehegattin, -nen",spouse (f)s,"die Ehegattin, -nen",0.964
ch7-090,26,11a,OK,,eigen,,,own,eigen,own,eigen,0.998
ch7-091,26,11a,OK,,Einfluss,der,die Einflüsse,influence,"der Einfluss, ""-e",influence,"der Einfluss, ""-e",0.99
ch7-092,26,11a,OK,,Einzelheit,die,die Einzelheiten,detail,"die Einzelheit, -en",detail,"die Einzelheit, -en",0.978
ch7-093,26,11a,OK,,Ersatz,der,,replacement,der Ersatz (Sg.),replacement,der Erstz (Sg.),0.993
ch7-094,26,11a,OK,,Fake News,die,die Fake News,fake news,die Fake News (Pl.),fake news,die Fake News (PI.),0.959
ch7-095,26,11a,OK,,Familienleben,das,,family life,das Familienleben (Sg.),family life,das Familienleben (Sg.),0.982
ch7-096,26,11a,OK,,fürchten,,,to be scared,fürchten,to be scared,frchten,0.981
ch7-097,26,11a,OK,,geheim,,,secret,geheim,secret,geheim,0.999
ch7-098,26,11a,OK,,klicken,,,to click,klicken (auf + A.),to click,klcken (auf + A.),0.978
ch7-099,26,11a,OK,,Mehrheit,die,die Mehrheiten,majority,"die Mehrheit, -en",majority,"die Mehrheit, -en",0.972
ch7-100,26,11a,OK,,Presse,die,,press,die Presse (Sg.),press,die Pręsse (Sg.),0.985
ch7-101,26,11a,OK,,Promi,der/die,die Promis,famous person,"der/die Promi, -s",famous person,"der/die Promi, -s",0.981
ch7-102,26,11a,OK,,Scheidung,die,die Scheidungen,divorce,"die Scheidung, -en",divorce,"die Scheidung, -en",0.949
ch7-103,26,11a,OK,,Schlagzeile,die,die Schlagzeilen,headline,"die schlagzeile, -n",headline,"die Schlagzeile, -n",0.947
ch7-104,26,11a,OK,,wundervoll,,,wonderful,wundervoll,wonderful,wndervoll,0.999
ch7-105,26,11b,OK,,"arm, ármer, am ärmsten",,,poor,"arm, ármer, am ärmsten",poor,"rm, rmer, am rmsten",0.957
ch7-106,26,11b,OK,,Fernsehkrimiserie,die,die Fernsehkrimiserien,TV crime series,"die Fernsehkrimiserie, -n",TV crime series,"die Frnsehkrimiserie, -n",0.993
ch7-107,26,11b,OK,,Gericht,das,die Gerichte,court (of law),"das Gericht, -e (vor Gericht gehen)",court (of law) (to go to court),"das Gericht, -e (vor Gericht gehen)",0.995
ch7-108,26,11b,WARN,WARN english_spelling: unknown English word(s): comercial,kommerziell,,,comercial,kommerziell,comercial,kommerzięll,1.0
ch7-109,26,11b,OK,,komponieren,,,to compose,komponieren,to compose,komponieren,1.0
ch7-110,26,11b,OK,,Komponist,der,die Komponisten,composer (m),"der Komponist, -en",composer (m),"der Komponst, -en",0.929
ch7-111,26,11b,OK,,Komponistin,die,die Komponistinnen,composer (f),"die Komponistin, -nen",composer (f),"die Komponstin, -nen",0.994
ch7-112,26,11b,OK,,leidenschaftlich,,,passionate,leidenschaftlich,passionate,leidenschaftlich,0.969
ch7-113,26,11b,OK,,Musikgeschichte,die,,musical history,die Musikgeschichte (Sg.),musical history,die Musikgeschichte (Sg.),0.998
ch7-114,26,11b,OK,,Pianist,der,die Pianisten,piano player (m),"der Pianist, -en",piano player (m),"der Pianst, -en",0.969
ch7-115,26,11b,OK,,Pianistin,die,die Pianistinnen,piano player (f),"die Pianistin, -nen",piano player (f),"die Pianstin, -nen",0.994
ch7-116,26,11b,OK,,Schauspielkarriere,die,die Schauspielkarrieren,acting career,"die Schauspielkarriere, -n",acting career,"die Schauspielkarriere, -n",0.994
ch7-117,26,11b,OK,,verhindern,,,to prevent,verhindern,to prevent,verhndern,0.999
ch7-118,26,11b,OK,,zwingen,,,to force,"zwingen, er zwingt, zwang, hat gezwungen",to force,"zwingen, er zwingt, zwng, hat gezwngen",0.998
ch7-119,26,11c,OK,,dokumentieren erhalten sein,,,to document preserved.),"dokumentieren erhalten sein (Die Briefe sind alt, aber gut to be preserved (The letters are old, but well erhalten.)",to document preserved.),"dokumentieren erhlten sein (Die Briefe sind alt, aber gut to be preserved (The letters are old, but well erhalten.)",0.971
ch7-120,26,11c,OK,,Inspiration,die,die Inspirationen,inspiration,"die Inspiration, -en",inspiration,"die Inspiration, -en",0.993
ch7-121,26,11c,OK,,Konzentration,die,,concentration,die Konzentration (Sg.),concentration,die Konzentration (Sg.),0.982
ch7-122,26,11c,OK,,Konzertreise,die,die Konzertreisen,concert tour,"die Konzertreise, -n",concert tour,"die Konzęrtreise, -n",0.994
ch7-123,26,11c,OK,,Krimireihe,die,die Krimireihen,crime series,"die Krimireihe, -n",crime series,"die Krmireihe, -n",0.995
ch7-124,26,11c,OK,,Parade-Rolle,die,die Parade-Rollen,main role,"die Parade-Rolle, -n",main role,"die Parade-Rolle, -n",0.973
ch7-125,26,11c,OK,,Tod,der,die Tode,death,"der Tod, -e",death,"der Tod, -e",0.963
ch7-126,26,11c,OK,,um,,,around,um (+ A.) (die Gegend um Leipzig),around (the area around Leipzig),m (+ A.) (die Gegend um Leipzig),0.975
ch7-127,26,11d,OK,,Sammlung,die,die Sammlungen,collection,"die Sammlung, -en",collection,"die Smmlung, -en",0.978
ch7-128,27,12a,OK,,Fuchs,der,die Füchse,fox,"der Fuchs, ""-e",fox,"der Fchs, ""-e",0.991
ch7-129,27,12a,OK,,Moral,die,,moral,die Moral (Sg.),moral,die Moral (Sg.),0.977
ch7-130,27,12b,OK,,beißen,,,to bite,"beiBen, er beiBt, biss, hat gebissen",to bite,"beißen, er beißt, biss, hat gebissen",0.964
ch7-131,27,12b,OK,,Beute,die,,prey,die Beute (Sg.),prey,die Beute (Sg.),0.983
ch7-132,27,12b,OK,,brüllen davonlgehen,,,roared,"brüllen davonlgehen, er geht davon, ging davon, to leave ist davongegangen",roared,"brllen davnIgehen, er geht davn, ging davn, to leave ist davngegangen",0.95
ch7-133,27,12b,OK,,Fabel,die,die Fabeln,fable,"die Fabel, -n",fable,"die Fabel, -n",0.952
ch7-134,27,12b,OK,,Feind,der,die Feinde,enemy (m),"der Feind, -e",enemy (m),"der Feind, -e",0.997
ch7-135,27,12b,OK,,Feindin,die,die Feindinnen,enemy (f),"die Feindin, -nen",enemy (f),"die Feindin, -nen",0.948
ch7-136,27,12b,OK,,Hirsch,der,die Hirsche,stag,"der Hirsch, -e",stag,"der Hrsch, -e",0.994
ch7-137,27,12b,OK,,Jagd,die,die Jagden,hunt,"die Jagd, -en",hunt,"die Jagd, -en",0.985
ch7-138,27,12b,OK,,kraftlos,,,powerless,kraftlos,powerless,krftlos,0.999
ch7-139,27,12b,OK,,Lebensweisheit,die,die Lebensweisheiten,worldly wisdom,"die Lebensweisheit, -en",worldly wisdom,"die Lebensweisheit, -en",0.974
ch7-140,27,12b,OK,,lügen,,,to lie,"lügen, er lügt, log, hat gelogen",to lie,"lügen, er lügt, log, hat gelogen",0.971
ch7-141,27,12b,OK,,"scharf, schärfer, am schärfsten",,,sharp,"scharf, schärfer, am schärfsten (Vorsicht, das Messer ist scharf.)","sharp (Careful, the knife is sharp.)","schrf, schrfer, am schärfsten (Vorsicht, das Messer ist scharf.)",0.976
ch7-142,27,12b,OK,,stecken,,,to hide,stecken (in + D.),hier: to hide,stęcken (in + D.),0.984
ch7-143,27,12b,ERROR,ERROR unknown_word: 'zurúckbrúllen' not in Wiktionary,zurúckbrúllen,,,to roar back,zurúckbrúllen,to roar back,zurck|brüllen,0.922
ch7-144,27,12c,OK,,fressen,,,to eat,"fressen, er frisst, fraß, hat gefressen",to eat,"fręssen, er frisst, fraß, hat gefręssen",0.986
ch7-145,27,12c,OK,,loben,,,to praise,loben,to praise,loben,0.952
ch7-146,27,12c,OK,,Rabe,der,die Raben,crow,"der Rabe, -n",crow,"der Rabe, -n",0.98
ch7-147,27,12c,OK,,Schnabel,der,die Schnäbel,beak,"der Schnabel, ""-",beak,"der Schnabel, ""-",0.966
ch7-148,27,12c,OK,,stehlen,,,to steal,"stehlen, er stiehlt, stahl, hat gestohlen",to steal,"stehlen, er stiehlt, stghl, hat gestohlen",0.971
ch7-149,27,12c,WARN,WARN auto_corrected: 'vorlsingen' -> 'vorsingen' (checked with Wiktionary),vorsingen,,,to sing,"vorlsingen, er singt vor, sang vor, hat vorgesungen",to sing,"vorlsingen, er singt vor, sang vor, hat vorgesungen",0.985
ch7-150,27,12 UB,WARN,WARN ocr_low_confidence: OCR confidence 0.66 < 0.85; WARN english_from_alt: used second OCR model: 'dunp' -> 'duck',Ente,die,die Enten,duck,"die Ente, -n",dunp,"die nte, -n",0.657
ch7-151,27,12 UB,OK,,Fliege,die,die Fliegen,fly,"die Fliege, -n",fly,"die Fliege, -n",0.961
ch7-152,27,12 UB,OK,,Giraffe,die,die Giraffen,giraffe,"die Giraffe, -n",giraffe,"die Girffe, -n",0.993
ch7-153,27,12 UB,OK,,Krokodil,das,die Krokodile,crocodile,"das Krokodil, -e",crocodile,"das Krokodil, -e",0.989
ch7-154,27,12 UB,OK,,Mücke,die,die Mücken,mosquito,"die Mücke, -n",mosquito,"die Mcke, -n",0.979
ch7-155,27,12 UB,OK,,Pinguin,der,die Pinguine,penguin,"der Pinguin, -e",penguin,"der Pnguin, -e",0.987
ch7-156,27,12 UB,OK,,Schildkröte,die,die Schildkröten,turtle,"die schildkröte, -n",turtle,"die Schldkröte, -n",0.991
ch7-157,27,13a,OK,,Rede,die,die Reden,speech,"die Rede, -n",speech,"die Rede, -n",0.991
ch7-158,27,13a,OK,,Satzteil,der,die Satzteile,part of the sentence,"der Satzteil, -e",part of the sentence,"der Stzteil, -e",0.995
ch7-159,27,13b,OK,,Markierung,die,die Markierungen,marking,"die Markierung, -en",marking,"die Markierung, -en",0.992
ch7-160,27,13b,OK,,"k&k das Konfliktgespräch, -e",,,argument,"k&k das Konfliktgespräch, -e",argument,"k&k das Konfliktgespräch, -e",0.972
ch7-161,27,13b,OK,,Temporalsatz,der,die Temporalsätze,temporal clause,"der Temporalsatz, ""-e",temporal clause,"der Temporalsatz, ""-e",0.955
ch7-162,27,13b,WARN,"WARN plural_missing: noun has a comma but no plural code (OCR may have dropped it); WARN plural_filled: plural missing in OCR, filled from Wiktionary: die Tempora",Tempus,das,die Tempora,tense,"das Tempus, Tempora",tense,"das Tęmpus, Tmpora",0.978
ch8-001,27,1a,WARN,WARN auto_corrected: 'sich an/strengen' -> 'sich anstrengen' (checked with Wiktionary),sich anstrengen,,,to show effort,an/strengen (sich),to show effort,n|strengen (sich),0.936
ch8-002,27,1a,OK,,Apfelmus,das,,apple sauce,das Apfelmus (Sg.),apple sauce,das Apfelmus (Sg.),0.975
ch8-003,27,1a,OK,,ausreichend,,,sufficient,ausreichend,sufficient,ausreichend,0.999
ch8-004,27,1a,OK,,blutig,,,bloody,blutig,bloody,blutig,0.998
ch8-005,27,1a,OK,,einbauen,,,to build in,einbauen,to build in,ein|bauen,0.973
ch8-006,27,1a,WARN,WARN auto_corrected: 'einlcremen' -> 'eincremen' (checked with Wiktionary),eincremen,,,to put on,einlcremen,to put on,ein|cremen,0.953
ch8-007,27,1a,OK,,eiskalt,,,ice cold,eiskalt,ice cold,eiskalt,0.993
ch8-008,27,1a,OK,,Flüssigkeit,die,die Flüssigkeiten,fluid,"die Flüssigkeit, -en",fluid,"die Flssigkeit, -en",0.979
ch8-009,27,1a,OK,,Fruchtsaft,der,die Fruchtsäfte,fruit juice,"der Fruchtsaft, ""-e",fruit juice,"der Frchtsaft, ""-e",0.981
ch8-010,27,1a,OK,,Gehirn,das,die Gehirne,brain,"das Gehirn, -e",brain,"das Gehrn, -e",0.985
ch8-011,28,1a,OK,,Geist,der,die Geister,soul,"der Geist, -er",soul,"der Geist, -er",0.975
ch8-012,28,1a,OK,,Gymnastik,die,,gymnastics,die Gymnastik (Sg.),gymnastics,die Gymnstik (Sg.),0.998
ch8-013,28,1a,OK,,Knödel,der,die Knödel,German dumpling,"der Knödel, -",German dumpling,"der Knödel, -",0.976
ch8-014,28,1a,OK,,kühlen,,,to cool,kühlen,to cool,kühlen,0.969
ch8-015,28,1a,OK,,Pfannkuchen,der,die Pfannkuchen,pancake,"der Pfannkuchen, -",pancake,"der Pfnnkuchen, -",0.983
ch8-016,28,1a,OK,,raten,,,to advise,"raten (zu + D.), er rát, riet, hat geraten (Ich rate dir, auf deine Gesundheit zu achten.)",to advise (I advise you to take care of your health.),"raten (zu + D.), er rät, riet, hat geraten (Ich rate dir, auf deine Gesundheit zu achten.)",0.984
ch8-017,28,1a,OK,,Rätsel,das,die Rätsel,riddle,"das Rätsel, -",riddle,"das Rätsel, -",0.934
ch8-018,28,1a,OK,,roh,,,raw,roh,raw,roh,0.994
ch8-019,28,1a,OK,,Schatten,der,die Schatten,shadow,"der Schatten, -",shadow,"der Schtten, -",0.9
ch8-020,28,1a,OK,,Schweinebraten,der,die Schweinebraten,roast pork,"der Schweinebraten, -",roast pork,"der Schweinebraten, -",0.981
ch8-021,28,1a,OK,,spüren,,,to sense,spüren,to sense,spüren,0.983
ch8-022,28,1a,OK,,stärken,,,to strengthen,stärken,to strengthen,stärken,0.95
ch8-023,28,1a,OK,,Steak,das,die Steaks,steak,"das Steak, -s",steak,"das Steak, -s",0.965
ch8-024,28,1a,OK,,Wasserflasche,die,die Wasserflaschen,water bottle,"die Wasserflasche, -n",water bottle,"die Wsserflasche, -n",0.978
ch8-025,28,1a,OK,,zwischendurch,,,in between,zwischendurch,in between,zwischendurch,0.999
ch8-026,28,1b,OK,,Auswertung,die,die Auswertungen,evaluation,"die Auswertung, -en",evaluation,"die Auswertung, -en",0.985
ch8-027,28,1b,OK,,bisher,,,so far,bisher,so far,bisher,0.967
ch8-028,28,1b,OK,,einigermaßen,,,more or less,einigermaBen,more or less,einigermaßen,0.957
ch8-029,28,1b,OK,,Signal,das,die Signale,signal,"das Signal, -e",signal,"das Signal, -e",0.989
ch8-030,28,1b,ERROR,ERROR unknown_word: 'zusammen/zählen' not in Wiktionary,zusammen/zählen,,,to add,zusammen/zählen,to add,zusmmen|zählen,0.923
ch8-031,28,2a,OK,,üß gtmen,,,to breathe,üB gtmen,to breathe,gtmen,0.985
ch8-032,28,2a,OK,,auflösen,,,to resolve,auflösen,to resolve,auf|lösen,0.911
ch8-033,28,2a,OK,,blass,,,pale,blass,pale,blss,0.998
ch8-034,28,2a,WARN,"WARN plural_missing: noun has a comma but no plural code (OCR may have dropped it); WARN plural_filled: plural missing in OCR, filled from Wiktionary: die Brüste",Brust,die,die Brüste,chest,"die Brust, ""-e einlnehmen, er nimmt ein, nahm ein, hat to take (to take medicine) eingenommen (Medikamente einnehmen)",chest,"die Brst, ""-e ein|nehmen, er nimmt ein, nahm ein, hat to take (to take medicine) eingenommen (Medikamente einnehmen)",0.98
ch8-035,28,2a,OK,,kleben,,,to stick,kleben,to stick,kleben,0.984
ch8-036,28,2a,OK,,Krankenwagen,der,die Krankenwagen,ambulance,"der Krankenwagen, -",ambulance,"der Krnkenwagen, -",0.97
ch8-037,28,2a,WARN,WARN auto_corrected: 'kranklschreiben' -> 'krankschreiben' (checked with Wiktionary),krankschreiben,,,"to sign sb off work, to take sick leave","kranklschreiben, er schreibt krank, schrieb krank, hat krankgeschrieben","to sign sb off work, to take sick leave","krnk|schreiben, er schreibt krnk, schrieb krnk, hat krnkgeschrieben",0.988
ch8-038,28,2a,OK,,Notaufnahme,die,die Notaufnahmen,emergency room,"die Notaufnahme, -n",emergency room,"die Notaufnahme, -n",0.995
ch8-039,28,2a,OK,,Notruf,der,die Notrufe,"sos, emergency call","der Notruf, -e","sos, emergency call","der Notruf, -e",0.973
ch8-040,28,2a,OK,,Pulver,das,die Pulver,powder,"das Pulver, -",powder,"das Plver, -",0.971
ch8-041,28,2a,OK,,Rest,der,die Reste,rest,"der Rest, -e",rest,"der Rest, -e",0.944
ch8-042,28,2a,OK,,Schmerzmittel,das,die Schmerzmittel,pain killer,"das Schmerzmittel, -",pain killer,"das Schmęrzmittel, -",0.945
ch8-043,28,2a,OK,,Schulter,die,die Schultern,shoulder,"die Schulter, -n",shoulder,"die Schlter, -n",0.964
ch8-044,28,2a,OK,,verschreiben,,,to prescribe,"verschreiben, er verschreibt, verschrieb, hat verschrieben",to prescribe,"verschreiben, er verschreibt, verschrieb, hat verschrieben",0.959
ch8-045,28,2a,OK,,Versichertenkarte,die,die Versichertenkarten,insurance card,"die Versichertenkarte, -n",insurance card,"die Verschertenkarte, -n",0.991
ch8-046,28,2b,OK,,Krankenzimmer,das,die Krankenzimmer,hospital room,"das Krankenzimmer, -",hospital room,"das Krnkenzimmer, -",0.982
ch8-047,28,2c,OK,,brauchen,,,to need,"brauchen (Sie brauchen mich nur zu rufen, wenn ich Ihnen helfen soll.)",to need (You only need to call me when I'm supposed to help you.),"brauchen (Sie brauchen mich nur zu rufen, wenn ich Ihnen helfen soll.)",0.984
ch8-048,28,2c,OK,,warnen,,,to warn,warnen (vor + D.),to warn,wrnen (vor + D.),0.994
ch8-049,28,2c,OK,,zu,,,to,"zu (Danke, aber du brauchst mir nicht zu helfen.)","to (Thank you, but you don't need to help me.)","zu (Danke, aber du brauchst mir nicht zu helfen.)",0.916
ch8-050,28,3a,OK,,Pfleger,der,die Pfleger,nurse (m),"der Pfleger, -",nurse (m),"der Pfleger, -",0.964
ch8-051,28,3a,OK,,Pflegerin,die,die Pflegerinnen,nurse (f),"die Pflegerin, -nen",nurse (f),"die Pflegerin, -nen",0.995
ch8-052,28,3c,OK,,glatt,,,smooth,glatt,smooth,gltt,0.925
ch8-053,28,3c,ERROR,WARN ocr_low_confidence: OCR confidence 0.83 < 0.85; ERROR unknown_word: 'schwindelig/schwindlig' not in Wiktionary,schwindelig/schwindlig,,,4zz!p,schwindelig/schwindlig,4zz!p,schwndelig/schwindlig,0.829
ch8-054,28,3c,OK,,unbequem,,,uncomfortable,unbequem,uncomfortable,nbequem,0.997
ch8-055,29,4a,OK,,Akkusativobjekt,das,die Akkusativobjekte,direct object,"das Akkusativobjekt, -e",direct object,"das Akkusativobjekt, -e",0.985
ch8-056,29,4b,OK,,sich kämmen,,,to comb,kämmen (sich),to comb,kmmen (sich),0.93
ch8-057,29,5a,OK,,Besuchszeit,die,die Besuchszeiten,visiting hours,"die Besuchszeit, -en",visiting hours,"die Besuchszeit, -en",0.99
ch8-058,29,5a,OK,,Wertsachen,die,die Wertsachen,valuables,die Wertsachen (Pl.),valuables,die Wrtsachen (Pl.),0.981
ch8-059,29,5b,OK,,Alarmknopf,der,die Alarmknöpfe,alarm,"der Alarmknopf, ""-e",alarm,"der Alrmknopf, ""-e",0.988
ch8-060,29,5b,WARN,WARN english_spelling: unknown English word(s): appratus,Apparat,der,die Apparate,"appratus, machine","der Apparat, -e","appratus, machine","der Apparat, -e",0.981
ch8-061,29,5b,OK,,aufbewahren,,,to keep safe,aufbewahren,to keep safe,auf|bewahren,0.998
ch8-062,29,5b,WARN,WARN auto_corrected: 'auflteilen' -> 'aufteilen' (checked with Wiktionary),aufteilen,,,to divide,auflteilen,to divide,auf|teilen,0.976
ch8-063,29,5b,OK,,Bademantel,der,die Bademäntel,bathrobe,"der Bademantel, ""-",bathrobe,"der Bademantel, ""-",0.959
ch8-064,29,5b,OK,,Bedienungsanleitung,die,die Bedienungsanleitungen,instruction manual,"die Bedienungsanleitung, -en",instruction manual,"die Bedienungsanleitung, -en",0.976
ch8-065,29,5b,OK,,beschildert,,,marked with signs,beschildert,marked with signs,beschldert,0.973
ch8-066,29,5b,OK,,betragen,,,to come to,"betragen, er betrágt, betrug, hat betragen",to come to,"betragen, er beträgt, betrug, hat betragen",0.962
ch8-067,29,5b,OK,,Brand,der,die Brände,fire,"der Brand, ""-e",fire,"der Brnd, ""-e",0.957
ch8-068,29,5b,OK,,Chipkarte,die,die Chipkarten,keycard,"die Chipkarte, -n",keycard,"die Chpkarte, -n",0.983
ch8-069,29,5b,OK,,Diat-Assistent,der,die Diat-Assistenten,dietary assistant (m),"der Diat-Assistent, -en",dietary assistant (m),"der Diät-Assistent, -en",0.98
ch8-070,29,5b,OK,,Diát-Assistentin,die,die Diát-Assistentinnen,dietary assistant (f),"die Diát-Assistentin, -nen",dietary assistant (f),"die Diät-Assistentin, -nen",0.971
ch8-071,29,5b,WARN,WARN auto_corrected: 'diátisch' -> 'diätisch' (checked with Wiktionary),diätisch,,,dietary (dietary food),diátisch (diátische Ernáhrung),dietary (dietary food),diätisch (diätische Ernährung),0.958
ch8-072,29,5b,OK,,Drogerie,die,die Drogerien,drug store,"die Drogerie, -n",drug store,"die Drogerie, -n",0.985
ch8-073,29,5b,OK,,einschließlich,,,including,einschließlich,including,einschließlich,0.954
ch8-074,29,5b,OK,,Entlassung,die,die Entlassungen,discharge,"die Entlassung, -en",discharge,"die Entlssung, -en",0.98
ch8-075,29,5b,OK,,Fernbedienung,die,die Fernbedienungen,remote control,"die Fernbedienung, -en",remote control,"die Fęrnbedienung, -en",0.964
ch8-076,29,5b,OK,,Fernsehgerät,das,die Fernsehgeräte,television,"das Fernsehgerät, -e",television,"das Frnsehgerät, -e",0.956
ch8-077,29,5b,WARN,WARN english_spelling: unknown English word(s): landline,Festnetz,das,,landline,das Festnetz (Sg.),landline,das Fęstnetz (Sg.),0.958
ch8-078,29,5b,ERROR,ERROR unknown_word: 'grundsátzlich' not in Wiktionary,grundsátzlich,,,in general,grundsátzlich,in general,grndsätzlich,0.951
ch8-079,29,5b,OK,,Haupteingang,der,die Haupteingänge,main entrance,"der Haupteingang, ""-e",main entrance,"der Haupteingang, ""-e",0.981
ch8-080,29,5b,OK,,Hauptmahlzeit,die,die Hauptmahlzeiten,main meal,"die Hauptmahlzeit, -en",main meal,"die Hauptmahlzeit, -en",0.982
ch8-081,29,5b,OK,,Hausschuh,der,die Hausschuhe,slipper,"der Hausschuh, -e",slipper,"der Hausschuh, -e",0.943
ch8-082,29,5b,OK,,Infoblatt,das,die Infoblätter,fact sheet,"das Infoblatt, ""-er",fact sheet,"das nfoblatt, ""-er",0.958
ch8-083,29,5b,OK,,Klinikaufenthalt,der,die Klinikaufenthalte,hospital stay,"der Klinikaufenthalt, -e",hospital stay,"der Klnikaufenthalt, -e",0.96
ch8-084,29,5b,OK,,Küchenteam,das,die Küchenteams,kitchen staff,"das Küchenteam, -s",kitchen staff,"das Kchenteam, -s",0.971
ch8-085,29,5b,OK,,Nachthemd,das,die Nachthemden,nightgown,"das Nachthemd, -en",nightgown,"das Nchthemd, -en",0.99
ch8-086,29,5b,OK,,Nachttisch,der,die Nachttische,nightstand,"der Nachttisch, -e",nightstand,"der Nchttisch, -e",0.997
ch8-087,29,5b,OK,,Notausgang,der,die Notausgänge,emergency exit,"der Notausgang,""e",emergency exit,"der Notausgang, ""-e",0.978
ch8-088,29,5b,OK,,obere,,,upper,obere,upper,obere,0.997
ch8-089,29,5b,OK,,prinzipiell,,,basically,prinzipiell,basically,prinzipięll,0.996
ch8-090,29,5b,OK,,Rücksicht,die,,consideration,die Rücksicht (Sg.) (Bitte nehmen Sie bei Partys Rücksicht auf Ihre Nachbarn.),consideration (Please be considerate of your neighbours when partying.),die Rcksicht (Sg.) (Bitte nehmen Sie bei Partys Rücksicht auf Ihre Nachbarn.),0.982
ch8-091,29,5b,WARN,WARN english_spelling: unknown English word(s): pyjamas,Schlafanzug,der,die Schlafanzüge,pyjamas,"der Schlafanzug, ""-e",pyjamas,"der Schlafanzug, ""-e",0.982
ch8-092,29,5b,OK,,Schließfach,das,die Schließfächer,safe,"das SchlieBfach, ""-er",safe,"das Schließfach, ""-er",0.961
ch8-093,29,5b,OK,,Shampoo,das,die Shampoos,shampoo,"das Shampoo, -s",shampoo,"das Shmpoo, -s",0.939
ch8-094,29,5b,OK,,sichtbar,,,visible,sichtbar,visible,sichtbar,0.995
ch8-095,29,5b,OK,,Trainingsanzug,der,die Trainingsanzüge,track suit,"der Trainingsanzug, ""-e",track suit,"der Trainingsanzug, ""-e",0.988
ch8-096,29,5b,OK,,untersagt sein,,,to be forbidden,untersagt sein,to be forbidden,untersagt sein,0.999
ch8-097,29,5b,OK,,Zahnbürste,die,die Zahnbürsten,toothbrush,"die Zahnbürste, -n",toothbrush,"die Zahnbürste, -n",0.99
ch8-098,29,5b,WARN,WARN plural_mismatch: plural 'die Zahnpastapasten' but Wiktionary has: Zahnpasten,Zahnpasta,die,die Zahnpastapasten,toothpaste,"die Zahnpasta, -pasten",toothpaste,"die Zahnpasta, -pasten",0.985
ch8-099,29,5b,WARN,WARN english_spelling: unknown English word(s): neighbour,Zimmernachbar,der,die Zimmernachbarn,next-door neighbour (m),"der Zimmernachbar, -n",next-door neighbour (m),"der Zmmernachbar, -n",0.989
ch8-100,29,5b,WARN,WARN english_spelling: unknown English word(s): neighbour,Zimmernachbarin,die,die Zimmernachbarinnen,next-door neighbour (f),"die Zimmernachbarin, -nen",next-door neighbour (f),"die Zmmernachbarin, -nen",0.993
ch8-101,29,5b,OK,,zur Verfügung stehen,,,to be available,zur Verfügung stehen,to be available,zur Verfügung stehen,0.994
ch8-102,29,5b,OK,,zuständig,,,responsible,zuständig (für + A.),responsible,zuständig (für + A.),0.946
ch8-103,29,5b,OK,,Zwischenmahlzeit,die,die Zwischenmahlzeiten,snack,"die Zwischenmahlzeit, -en",snack,"die Zwschenmahlzeit, -en",0.98
ch8-104,29,5c,OK,,Krankenbesuch,der,die Krankenbesuche,hospital visit,"der Krankenbesuch, -e",hospital visit,"der Krnkenbesuch, -e",0.995
ch8-105,29,6b,OK,,Alzheimer,der,,Alzheimer's Disease,der Alzheimer (Sg.),Alzheimer's Disease,der Alzheimer (Sg.),0.999
ch8-106,30,6b,OK,,amerikanisch,,,American,amerikanisch,American,amerikgnisch,1.0
ch8-107,30,6b,OK,,andererseits,,,on the other hand,andererseits,on the other hand,ndererseits,1.0
ch8-108,30,6b,WARN,WARN auto_corrected: 'aus/lösen' -> 'auslösen' (checked with Wiktionary),auslösen,,,to elicit,aus/lösen,to elicit,aus|lösen,0.915
ch8-109,30,6b,OK,,Beerdigung,die,die Beerdigungen,funeral,"die Beerdigung, -en",funeral,"die Beerdigung, -en",0.967
ch8-110,30,6b,OK,,beruhigend,,,soothing,beruhigend,soothing,beruhigend,0.998
ch8-111,30,6b,OK,,Dur,das,,major,das Dur (Sg.),major,das Dur (Sg.),0.983
ch8-112,30,6b,OK,,"einerseits ..., andererseits ...",,,"on the one hand..., on the other hand...","einerseits ..., andererseits ...","on the one hand..., on the other hand...","einerseits ..., ndererseits ...",0.968
ch8-113,30,6b,OK,,empfinden,,,to feel,"empfinden, er empfindet, empfand, hat empfunden",to feel,"empfnden, er empfndet, empfnd, hat empfnden",0.998
ch8-114,30,6b,OK,,entweder ... oder ...,,,either ... or,entweder ... oder ...,either ... or,ęntweder ... oder ...,0.96
ch8-115,30,6b,OK,,feierlich,,,festive,feierlich,festive,feierlich,0.999
ch8-116,30,6b,OK,,Filmbranche,die,die Filmbranchen,film industry,"die Filmbranche, -n",film industry,"die Flmbranche, -n",0.985
ch8-117,30,6b,OK,,Forscher,der,die Forscher,researcher (m),"der Forscher, -",researcher (m),"der Forscher, -",0.972
ch8-118,30,6b,OK,,Forscherin,die,die Forscherinnen,researcher (f),"die Forscherin, -nen",researcher (f),"die Frscherin, -nen",0.972
ch8-119,30,6b,OK,,gelangen,,,"to reach, attain",gelangen,"to reach, attain",gelngen,1.0
ch8-120,30,6b,OK,,Heavy Metal,,,heavy metal,Heavy Metal (Sg.) (ohne Artikel),heavy metal,Heavy Metal (Sg.) (ohne Artikel),0.973
ch8-121,30,6b,OK,,Käsekuchen,der,die Käsekuchen,cheesecake,"der Käsekuchen, -",cheesecake,"der Käsekuchen, -",0.96
ch8-122,30,6b,OK,,Klassik leiden,die,,classic,"die Klassik (Sg.) leiden (an + D.), er leidet, litt, hat gelitten to suffer",classic,"die Klssik (Sg.) leiden (an + D.), er leidet, litt, hat geltten to suffer",0.974
ch8-123,30,6b,OK,,Liebesszene,die,die Liebesszenen,love scene,"die Liebesszene, -n",love scene,"die Liebesszene, -n",0.987
ch8-124,30,6b,OK,,Medizin,die,,medicine,die Medizin (Sg.) (Musik kann wie Medizin wirken.),medicine (Music can work like medicine.),die Medizin (Sg.) (Musik kann wie Medizin wirken.),0.989
ch8-125,30,6b,OK,,Metal,,,metal,Metal (Sg.) (ohne Artikel) (Ich höre gern Metal.),metal (I like listening to metal.),Metal (Sg.) (ohne Artikel) (Ich höre gern Metal.),0.996
ch8-126,30,6b,OK,,mithilfe,,,with the help of,mithilfe (von + D.),with the help of,mithlfe (von + D.),0.998
ch8-127,30,6b,OK,,Moll,das,,minor,das Moll (Sg.),minor,das Mll (Sg.),0.995
ch8-128,30,6b,OK,,Musikgeschmack,der,,music taste,der Musikgeschmack (Sg.),music taste,der Musikgeschmack (Sg.),0.998
ch8-129,30,6b,OK,,Musikstudium,das,die Musikstudiumstudien,study of music,"das Musikstudium, -studien",study of music,"das Musikstudium, -studien",0.969
ch8-130,30,6b,OK,,"nicht nur ..., sondern auch ...",,,not only... but also...,"nicht nur ..., sondern auch ...",not only... but also...,"nicht nur ..., sondern auch ...",0.968
ch8-131,30,6b,OK,,Puls,der,,pulse,der Puls (Sg.),pulse,der Pls (Sg.),0.968
ch8-132,30,6b,OK,,Reklame,die,die Reklamen,advertisement,"die Reklame, -n",advertisement,"die Reklame, -n",0.961
ch8-133,30,6b,ERROR,ERROR unknown_word: 'Salsa' not in Wiktionary,Salsa,,,salsa music,Salsa (Sg.) (ohne Artikel),salsa music,Slsa (Sg.) (ohne Artikel),0.935
ch8-134,30,6b,OK,,sinken,,,to sink,"sinken, er sinkt, sank, ist gesunken",to sink,"snken, er snkt, snk, ist gesnken",0.966
ch8-135,30,6b,OK,,sowohl ... als auch ...,,,... as well as...,sowohl ... als auch ...,... as well as...,sowohl ... als auch ...,0.977
ch8-136,30,6b,OK,,Stück,das,die Stücke,piece,"das stück, -e (Ich spiele ein Stück von Mozart am Klavier.)",piece (I'm playing a piece by Mozart on the piano.),"das Stck, -e (Ich spiele ein Stück von Mozart am Klavier.)",0.973
ch8-137,30,6b,OK,,Ton,der,die Töne,tone,"der Ton, ""-e",tone,"der Ton, ""-e",0.973
ch8-138,30,6b,OK,,Tonart,die,die Tonarten,key,"die Tonart, -en",key,"die Tonart, -en",0.989
ch8-139,30,6b,OK,,tragisch,,,tragic,tragisch,tragic,tragisch,1.0
ch8-140,30,6b,OK,,verarbeiten,,,to process,verarbeiten,to process,verrbeiten,0.982
ch8-141,30,6b,OK,,vermutlich,,,presumably,vermutlich,presumably,vermutlich,0.999
ch8-142,30,6b,OK,,weder ... noch ...,,,neither...nor,weder ... noch ...,neither...nor,weder ... noch ...,0.944
ch8-143,30,6b,OK,,Wirkung,die,die Wirkungen,effect,"die Wirkung, -en",effect,"die Wrkung, -en",0.96
ch8-144,30,6b,OK,,würzig,,,spicy,würzig,spicy,wrzig,0.972
ch8-145,30,6b,OK,,"zwar ..., aber ...",,,still...yet...,"zwar ..., aber ...",still...yet...,"zwar ..., gber ...",0.963
ch8-146,30,6c,OK,,Heilung,die,die Heilungen,cure,"die Heilung, -en",cure,"die Heilung, -en",0.986
ch8-147,30,6d,OK,,Wort,das,die Worte,word,"das Wort, -e (etwas mit einfachen Worten erkláren)",word (to explain something using easy words),"das Wrt, -e (etwas mit einfachen Worten erklären)",0.952
ch8-148,30,7a,OK,,Einschränkung,die,die Einschränkungen,limitation,"die Einschränkung, -en",limitation,"die Einschränkung, -en",0.976
ch8-149,30,7a,OK,,Konnektor,der,die Konnektoren,restriction,"der Konnektor, -en",restriction,"der Konnktor, -en",0.957
ch8-150,30,7a,OK,,zweiteilig,,,two-part,zweiteilig,two-part,zweiteilig,0.997
ch8-151,30,7b,OK,,Jazz,der,,jazz,der Jazz (Sg.),jazz,der Jzz (Sg.),0.966
ch8-152,30,7b,OK,,klassisch,,,classic,klassisch,classic,klssisch,0.982
ch8-153,30,8,OK,,Kopf,der,die Köpfe,head,"der Kopf, ""-e (Was geht dir durch den Kopf?)",head (What's going through your head?),"der Kpf, ""-e (Was geht dir durch den Kopf?)",0.991
ch8-154,31,9a,OK,,Nachfrage,die,die Nachfragen,"demand, inquiry","die Nachfrage, -n","demand, inquiry","die Nachfrage, -n",0.983
ch8-155,31,9a,OK,,Seite,die,die Seiten,side,"die Seite, -n (Geh mal zur Seite.)",side (Move to the side.),"die Seite, -n (Geh mal zur Seite.)",0.969
ch8-156,31,9a,OK,,Unsicherheit,die,die Unsicherheiten,uncertainty,"die Unsicherheit, -en",uncertainty,"die nsicherheit, -en",0.992
ch8-157,31,10a,OK,,Gedächtnisleistung,die,die Gedächtnisleistungen,memory skills,"die Gedächtnisleistung, -en",memory skills,"die Gedchtnisleistung, -en",0.947
ch8-158,31,10a,OK,,kommen,,,to think,"kommen (auf + A.), er kommt, kam, ist gekommen (Ich komme gerade nicht auf die Lösung.)",hier: to think (I can't think of the solution right now.),"kmmen (auf + A.), er kmmt, kam, ist gekmmen (Ich komme gerade nicht auf die Lösung.)",0.985
ch8-159,31,10a,OK,,Kursstunde,die,die Kursstunden,lesson,"die Kursstunde, -n",lesson,"die Krsstunde, -n",0.992
ch8-160,31,10a,OK,,úberfragt sein,,,to be stumped,úberfragt sein,to be stumped,überfragt sein,0.966
ch8-161,31,10a,OK,,woran,,,what,woran,what,worn,0.999
ch8-162,31,10a,OK,,Zunge,die,die Zungen,tongue,"die Zunge, -n (Wie heiBt das Wort noch mal? Mir liegt es auf der Zunge.)",tongue (What's the word again? It's on the top of my tongue.),"die Znge, -n (Wie heißt das Wort noch mal? Mir liegt es auf der Zunge.)",0.977
ch8-163,31,11a,OK,,Lerncoach,der,die Lerncoachs,learning coach,"der Lerncoach, -s",learning coach,"der Lrncoach, -s",0.99
ch8-164,31,11a,OK,,Motivation,die,,motivation,die Motivation (Sg.),motivation,die Motivation (Sg.),0.998
ch8-165,31,11a,OK,,Programmankündigung,die,die Programmankündigungen,program announcement,"die Programmankündigung, -en",program announcement,"die Progrmmankündigung, -en",0.983
ch8-166,31,11a,OK,,Studiogast,der,die Studiogäste,studio guest,"der Studiogast, ""-e",studio guest,"der Studiogast, ""-e",0.965
ch8-167,31,11a,OK,,vermitteln,,,to convey,"vermitteln (Es ist wichtig, in den Schulen auch Lerntechniken zu vermitteln.)",to convey (It's important to convey learning techniques in school as well.),"vermtteln (Es ist wichtig, in den Schulen auch Lerntechniken zu vermitteln.)",0.978
ch8-168,31,11b,OK,,Lerntipp,der,die Lerntipps,learning tip,"der Lerntipp, -s",learning tip,"der Lęrntipp, -s",0.992
ch8-169,31,11b,OK,,Lerntyp,der,die Lerntypen,learning type,"der Lerntyp, -en",learning type,"der Lrntyp, -en",0.96
ch8-170,31,11b,OK,,Lernzeit,die,die Lernzeiten,learning time,"die Lernzeit, -en",learning time,"die Lrnzeit, -en",0.994
ch8-171,31,11c,OK,,Moderator,der,die Moderatoren,moderator (m),"der Moderator, -en",moderator (m),"der Moderator, -en",0.977
ch8-172,31,11c,OK,,Moderatorin,die,die Moderatorinnen,moderator (f),"die Moderatorin, -nen",moderator (f),"die Moderatorin, -nen",0.97
ch8-173,31,11c,OK,,motiviert,,,motivated,motiviert,motivated,motiviert,0.999
ch8-174,31,12a,WARN,WARN auto_corrected: 'sich ausldenken' -> 'sich ausdenken' (checked with Wiktionary),sich ausdenken,,,to think of,"ausldenken (sich), er denkt aus, dachte aus, hat ausgedacht",to think of,"aus|denken (sich), er denkt aus, dachte aus, hat ausgedacht",0.952
ch8-175,31,12a,OK,,fantasievoll,,,imaginative,fantasievoll,imaginative,fantasievoll,0.999
ch8-176,31,12a,WARN,WARN auto_corrected: 'úberprüfen' -> 'überprüfen' (checked with Wiktionary),überprüfen,,,to check,úberprüfen,to check,überprüfen,0.932
ch8-177,31,12a,OK,,ungewöhnlich,,,unusual,ungewöhnlich,unusual,ngewöhnlich,0.982
ch8-178,31,13a,OK,,alltäglich,,,ordinary,alltäglich,ordinary,alltäglich,0.936
ch8-179,31,13a,OK,,Altersgruppe,die,die Altersgruppen,peer group,"die Altersgruppe, -n",peer group,"die Altersgruppe, -n",0.969
ch8-180,31,13a,WARN,WARN auto_corrected: 'sich aus/breiten' -> 'sich ausbreiten' (checked with Wiktionary),sich ausbreiten,,,to spread,aus/breiten (sich),to spread,aus|breiten (sich),0.966
ch8-181,31,13a,OK,,Ausflugstipp,der,die Ausflugstipps,excursion tip,"der Ausflugstipp, -s",excursion tip,"der Ausflugstipp, -s",0.994
ch8-182,31,13a,OK,,Aussichtsturm,der,die Aussichtstürme,"belvedere, observation tower","der Aussichtsturm, ""-e","belvedere, observation tower","der Aussichtsturm, ""-e",0.966
ch8-183,31,13a,OK,,barrierearm,,,partly accessible,barrierearm,partly accessible,barrierearm,0.977
ch8-184,31,13a,OK,,essbar,,,edible,essbar,edible,ęssbar,0.981
ch8-185,31,13a,OK,,familienfreundlich,,,family friendly,familienfreundlich,family friendly,familienfreundlich,0.999
ch8-186,31,13a,OK,,Ferne,die,,distance,die Ferne (Sg.),distance,die Frne (Sg.),0.991
ch8-187,31,13a,OK,,formen,,,to form,formen,to form,formen,0.996
ch8-188,31,13a,OK,,Freigelände,das,die Freigelände,open-air site,"das Freigelände, -",open-air site,"das Freigelände, -",0.952
ch8-189,31,13a,OK,,geeignet,,,suitable,geeignet (für + A.),suitable,geeignet (für + A.),0.963
ch8-190,31,13a,OK,,interaktiv,,,interactive,interaktiv,interactive,interaktiv,0.999
ch8-191,31,13a,OK,,Klang,der,die Klänge,sound,"der Klang, ""-e",sound,"der Klng, ""-e",0.899
ch8-192,31,13a,OK,,Musikinteressierte,der/die,die Musikinteressierten,musically interested,"der/die Musikinteressierte, -n",musically interested,"der/die Musikinteressierte, -n",0.995
ch8-193,31,13a,OK,,Pfad,der,die Pfade,way,"der Pfad, -e",way,"der Pfad, -e",0.942
ch8-194,31,13a,OK,,Riesen-,,,huge,Riesen- (Ole und Valerie wohnen in einem Riesenhaus.),huge (Ole and Valerie live in a huge house.),Riesen- (Ole und Valerie wohnen in einem Riesenhaus.),0.992
ch8-195,31,13a,OK,,Schönheit,die,die Schönheiten,beauty,"die Schönheit, -en",beauty,"die Schönheit, -en",0.984
ch8-196,31,13a,OK,,traumhaft,,,dreamy,traumhaft,dreamy,traumhaft,0.927
ch8-197,31,13a,WARN,"WARN plural_missing: noun has a comma but no plural code (OCR may have dropped it); WARN plural_filled: plural missing in OCR, filled from Wiktionary: die Villen",Villa,die,die Villen,mansion,"die Villa, Villen",mansion,"die Vlla, Vllen",0.989
ch8-198,31,13a,OK,,visuell,,,visual,visuell,visual,visuęll,0.998
ch8-199,32,13a,OK,,sich wundern,,,to marvel,wundern (sich) (úber + A.),to marvel,wndern (sich) (über + A.),0.963
ch9-001,32,1a,OK,,Kunststück,das,die Kunststücke,piece of art,"das Kunststück, -e",piece of art,"das Knststück, -e",0.959
ch9-002,32,1b,WARN,WARN auto_corrected: 'anIregen' -> 'anregen' (checked with Wiktionary),anregen,,,to inspire,anIregen (zu + D.),to inspire,n|regen (zu + D.),0.946
ch9-003,32,1b,OK,,Betonwand,die,die Betonwände,concrete wall,"die Betonwand, ""-e",concrete wall,"die Betonwand, ""-e",0.995
ch9-004,32,1b,OK,,Brunnen,der,die Brunnen,fountain,"der Brunnen, -",fountain,"der Brnnen, -",0.963
ch9-005,32,1b,OK,,Espressokanne,die,die Espressokannen,espresso can,"die Espressokanne, -n",espresso can,"die Espręssokanne, -n",0.99
ch9-006,32,1b,WARN,"WARN plural_missing: noun has a comma but no plural code (OCR may have dropped it); WARN plural_filled: plural missing in OCR, filled from Wiktionary: die Graffiti",Graffito,das,die Graffiti,graffiti,"das Graffito, Graffiti",graffiti,"das Graffto, Graffti",0.978
ch9-007,32,1b,OK,,Hauswand,die,die Hauswände,exterior wall of a house,"die Hauswand, ""-e",exterior wall of a house,"die Hauswand, ""-e",0.975
ch9-008,32,1b,OK,,hinauf,,,up,hinauf,up,hinauf,0.997
ch9-009,32,1b,OK,,Installation,die,die Installationen,installation,"die Installation, -en",installation,"die Installation, -en",0.981
ch9-010,32,1b,OK,,konsumieren,,,to consume,konsumieren,to consume,konsumieren,1.0
ch9-011,32,1b,OK,,Kunstblog,der,die Kunstblogs,art blog,"der Kunstblog, -s",art blog,"der Knstblog, -s",0.982
ch9-012,32,1b,WARN,WARN plural_mismatch: plural 'die Kunstwerk' but Wiktionary has: Kunstwerke,Kunstwerk,das,die Kunstwerk,artwork,"das Kunstwerk, -",artwork,"das Knstwerk, -e",0.925
ch9-013,32,1b,OK,,rund,,,round,rund (Ein Ball ist rund.),round (A ball is round.),rnd (Ein Ball ist rund.),0.983
ch9-014,32,1b,OK,,Spieß,der,die Spieße,skewer,"der SpieB, -e",skewer,"der Spieß, -e",0.96
ch9-015,32,1b,OK,,Stadtteil,der,die Stadtteile,district,"der Stadtteil, -e",district,"der Stdtteil, -e",0.99
ch9-016,32,1b,OK,,Statue,die,die Statuen,statue,"die Statue, -n",statue,"die Statue, -n",0.958
ch9-017,32,1b,OK,,weich,,,soft,weich,soft,weich,0.998
ch9-018,32,1b,WARN,WARN auto_corrected: 'weiterlentwickeln' -> 'weiterentwickeln' (checked with Wiktionary),weiterentwickeln,,,to evolve,weiterlentwickeln,to evolve,weiterlentwickeln,0.951
ch9-019,32,1b,OK,,steil,,,steep,steil,steep,steil,0.999
ch9-020,32,2a,OK,,Radioumfrage,die,die Radioumfragen,radio survey,"die Radioumfrage, -n",radio survey,"die Radioumfrage, -n",0.995
ch9-021,32,2b,WARN,WARN plural_mismatch: plural 'die Kunstobjekt' but Wiktionary has: Kunstobjekte,Kunstobjekt,das,die Kunstobjekt,artwork,"das Kunstobjekt, -",artwork,"das Knstobjekt, -e",0.942
ch9-022,32,3a,OK,,Putzfrau,die,die Putzfrauen,cleaner (f),"die Putzfrau, -en",cleaner (f),"die Ptzfrau, -en",0.99
ch9-023,32,3a,OK,,Putzmann,der,die Putzmänner,cleaner (m),"der Putzmann, ""-er",cleaner (m),"der Ptzmann, ""-er",0.992
ch9-024,32,3a,OK,,tierisch,,,animal,tierisch,animal,tierisch,1.0
ch9-025,32,3a,OK,,Zeitungstext,der,die Zeitungstexte,newspaper text,"der Zeitungstext, -e",newspaper text,"der Zeitungstext, -e",0.988
ch9-026,32,3b,OK,,Auktion,die,die Auktionen,auction,"die Auktion, -en",auction,"die Auktion, -en",0.99
ch9-027,32,3b,OK,,Auktionsbesucher,der,die Auktionsbesucher,auction visitor (m),"der Auktionsbesucher, -",auction visitor (m),"der Auktionsbesucher, -",0.993
ch9-028,32,3b,OK,,Auktionsbesucherin,die,die Auktionsbesucherinnen,auction visitor (f),"die Auktionsbesucherin, -nen",auction visitor (f),"die Auktionsbesucherin, -nen",0.963
ch9-029,32,3b,OK,,begrenzt,,,limited,begrenzt,limited,begręnzt,0.998
ch9-030,32,3b,OK,,beschädigen,,,to damage,beschädigen,to damage,beschädigen,0.963
ch9-031,32,3b,OK,,clever,,,smart,clever,smart,clęver,1.0
ch9-032,32,3b,OK,,erraten,,,to guess,"erraten, er errát, erriet, hat erraten",to guess,"erraten, er errät, erriet, hat errgten",0.992
ch9-033,32,3b,OK,,Ethnologe,der,die Ethnologen,ethnologist (m),"der Ethnologe, -n",ethnologist (m),"der Ethnologe, -n",0.991
ch9-034,32,3b,OK,,Ethnologin,die,die Ethnologinnen,ethnologist (f),"die Ethnologin, -nen",ethnologist (f),"die Ethnologin, -nen",0.969
ch9-035,32,3b,OK,,Galerie,die,die Galerien,gallery,"die Galerie, -n",gallery,"die Galerie, -n",0.944
ch9-036,32,3b,OK,,Gummiwanne,die,die Gummiwannen,rubber tub,"die Gummiwanne, -n",rubber tub,"die Gmmiwanne, -n",0.995
ch9-037,32,3b,OK,,sich handeln,,,to be about,handeln (sich) (um + A.),hier: to be about,hndeln (sich) (um + A.),0.997
ch9-038,32,3b,WARN,WARN auto_corrected: 'heran/kommen' -> 'hernkommen' (checked with Wiktionary),hernkommen,,,to approach,"heran/kommen (an + A.), er kommt heran, kam heran, ist herangekommen",to approach,"hern|kommen (an + A.), er kommt hern, kam hern, ist herngekommen",0.981
ch9-039,32,3b,OK,,Inland,das,,inland,das Inland (Sg.),inland,das nland (Sg.),0.981
ch9-040,32,3b,OK,,Käufer,der,die Käufer,buyer (m),"der Käufer, -",buyer (m),"der Käufer, -",0.905
ch9-041,32,3b,OK,,Käuferin,die,die Käuferinnen,buyer (f),"die Käuferin, -nen",buyer (f),"die Käuferin, -nen",0.948
ch9-042,32,3b,OK,,Kunsthistoriker,der,die Kunsthistoriker,art historian (m),"der Kunsthistoriker, -",art historian (m),"der Knsthistoriker, -",0.974
ch9-043,32,3b,OK,,Kunsthistorikerin,die,die Kunsthistorikerinnen,art historian (f),"die Kunsthistorikerin, -nen",art historian (f),"die Knsthistorikerin, -nen",0.972
ch9-044,32,3b,OK,,Kunstsupermarkt,der,die Kunstsupermärkte,art supermarket,"der Kunstsupermarkt, ""-e",art supermarket,"der Knstsupermarkt, ""-e",0.987
ch9-045,32,3b,OK,,Missgeschick,das,die Missgeschicke,misfortune,"das Missgeschick, -e",misfortune,"das Missgeschick, -e",0.993
ch9-046,32,3b,OK,,"nicht ..., sondern ...",,,accident,"nicht ..., sondern ...",accident,"ncht ..., sondern ...",0.992
ch9-047,33,3b,OK,,original,,,original,original,original,original,0.998
ch9-048,33,3b,OK,,Original,das,die Originale,original,"das Original, -e",original,"das Original, -e",0.965
ch9-049,33,3b,OK,,Preiskategorie,die,die Preiskategorien,price category,"die Preiskategorie, -n",price category,"die Preiskategorie, -n",0.98
ch9-050,33,3b,OK,,Reinigungsfirma,die,die Reinigungsfirmafirmen,cleaning company,"die Reinigungsfirma, -firmen",cleaning company,"die Reinigungsfirma, -firmen",0.984
ch9-051,33,3b,OK,,Reinigungspersonal,das,,cleaning staff,das Reinigungspersonal (Sg.),cleaning staff,das Reinigungspersonal (Sg.),0.981
ch9-052,33,3b,OK,,scheinbar,,,apparent,scheinbar,apparent,scheinbar,1.0
ch9-053,33,3b,OK,,Verkaufsraum,der,die Verkaufsräume,showroom,"der Verkaufsraum, ""-e",showroom,"der Verkaufsraum, ""-e",0.996
ch9-054,33,3b,OK,,Zoodirektor,der,die Zoodirektoren,zoo director (m),"der Zoodirektor, -en",zoo director (m),"der Zoodirektor, -en",0.992
ch9-055,33,3b,OK,,Zoodirektorin,die,die Zoodirektorinnen,zoo director (f),"die Zoodirektorin, -nen",zoo director (f),"die Zoodirektorin, -nen",0.985
ch9-056,33,4a,OK,,Präpositionalergänzung,die,die Präpositionalergänzungen,prepositional appendix,"die Präpositionalergänzung, -en",prepositional appendix,"die Präpositionglergänzung, -en",0.963
ch9-057,33,4a,OK,,Satzverneinung,die,die Satzverneinungen,sentence negation,"die Satzverneinung, -en",sentence negation,"die Stzverneinung, -en",0.977
ch9-058,33,4a,OK,,Stellung,die,die Stellungen,position,"die Stellung, -en",position,"die Stęllung, -en",0.966
ch9-059,33,4a,OK,,Verbteil,der,die Verbteile,part of the verb,"der Verbteil, -e",part of the verb,"der Vrbteil, -e",0.968
ch9-060,33,4a,OK,,verneinen,,,to negate,verneinen,to negate,verneinen,0.988
ch9-061,33,4b,OK,,Putzfirma,die,die Putzfirmafirmen,cleaning company,"die Putzfirma, -firmen",cleaning company,"die Ptzfirma, -firmen",0.995
ch9-062,33,5c,OK,,durcheinander,,,disorganized,durcheinander,disorganized,durcheinnder,0.999
ch9-063,33,7a UB,OK,,anwenden,,,to use,anwenden,to use,n|wenden,0.992
ch9-064,33,7a UB,OK,,aufführen,,,to perform,aufführen,to perform,auf|führen,0.944
ch9-065,33,7a UB,WARN,WARN auto_corrected: 'aufltreten' -> 'auftreten' (checked with Wiktionary),auftreten,,,to perform,"aufltreten, er tritt auf, trat auf, ist aufgetreten",to perform,"aufltreten, er tritt auf, trat auf, ist aufgetreten",0.986
ch9-066,33,7a UB,OK,,behandeln,,,to treat,behandeln,to treat,behndeln,0.999
ch9-067,33,7a UB,OK,,besprechen,,,to discuss,"besprechen, er bespricht, besprach, hat besprochen",to discuss,"bespręchen, er bespricht, besprach, hat besprochen",0.998
ch9-068,33,7a UB,OK,,Broschüre,die,die Broschüren,brochure,"die Broschüre, -n",brochure,"die Broschüre, -n",0.983
ch9-069,33,7a UB,OK,,Büfett,das,die Büfetts,buffet,"das Büfett, -s",buffet,"das Büfętt, -s",0.93
ch9-070,33,7a UB,OK,,Darstellung,die,die Darstellungen,depiction,"die Darstellung, -en",depiction,"die Darstellung, -en",0.957
ch9-071,33,7a UB,OK,,Eröffnung,die,die Eröffnungen,opening,"die Eröffnung, -en",opening,"die Eröffnung, -en",0.988
ch9-072,33,7a UB,OK,,Frieden,der,,peace,der Frieden (Sg.),peace,der Frieden (Sg.),0.966
ch9-073,33,7a UB,WARN,WARN english_spelling: unknown English word(s): flavour,Geschmack,der,,flavour,der Geschmack (Sg.),flavour,der Geschmck (Sg.),0.994
ch9-074,33,7a UB,WARN,WARN auto_corrected: 'herumlspringen' -> 'herumspringen' (checked with Wiktionary),herumspringen,,,to jump around,"herumlspringen, er springt herum, sprang herum, ist herumgesprungen",to jump around,"herm|springen, er springt herm, sprang herm, ist hermgesprungen",0.984
ch9-075,33,7a UB,OK,,Kostüm,das,die Kostüme,costume,"das Kostüm, -e",costume,"das Kostüm, -e",0.947
ch9-076,33,7a UB,OK,,Kursabschluss,der,die Kursabschlüsse,course completion,"der Kursabschluss, ""-e",course completion,"der Krsabschluss, ""-e",0.991
ch9-077,33,7a UB,OK,,Qualifikation,die,die Qualifikationen,qualification,"die Qualifikation, -en",qualification,"die Qualifikation, -en",0.981
ch9-078,33,7a UB,OK,,rennen,,,to run,"rennen, er rennt, rannte, ist gerannt",to run,"rnnen, er rnnt, rnnte, ist gernnt",0.997
ch9-079,33,7a UB,OK,,sich schminken,,,to put make up on,schminken (sich),to put make up on,schmnken (sich),0.991
ch9-080,33,7a UB,OK,,schreien,,,to scream,"schreien, er schreit, schrie, hat geschrien",to scream,"schreien, er schreit, schrie, hat geschrien",0.989
ch9-081,33,7a UB,OK,,Snack,der,die Snacks,snack,"der Snack, -s",snack,"der Snck, -S",0.97
ch9-082,33,7a UB,OK,,Theaterabenteuer,das,die Theaterabenteuer,theatre adventure,"das Theaterabenteuer, -",theatre adventure,"das Thegterabenteuer, -",0.995
ch9-083,33,7a UB,OK,,Uniform,die,die Uniformen,uniform,"die Uniform, -en",uniform,"die Uniform, -en",0.954
ch9-084,33,7b,WARN,WARN english_spelling: unknown English word(s): watercolour,Aquarell,das,die Aquarelle,watercolour,"das Aquarell, -e",watercolour,"das Aquaręll, -e",0.995
ch9-085,33,7b,OK,,bestehen,,,to consist,"bestehen (aus + D.), er besteht, bestand, hat bestanden",to consist,"bestehen (aus + D.), er besteht, bestnd, hat bestnden",0.985
ch9-086,33,7b,OK,,bewegen,,,to move,"bewegen (Die Musik bewegt mich, sie macht mich traurig.)","to move (The music moves me, it makes me sad.)","bewegen (Die Musik bewegt mich, sie macht mich traurig.)",0.968
ch9-087,33,7b,WARN,WARN english_spelling: unknown English word(s): brasilian,brasilianisch,,,Brasilian,brasilianisch,Brasilian,brasilianisch,0.997
ch9-088,33,7b,OK,,erarbeiten,,,to develop,erarbeiten,to develop,errbeiten,0.977
ch9-089,33,7b,OK,,künstlerisch,,,artistic,künstlerisch,artistic,künstlerisch,0.966
ch9-090,33,7b,WARN,WARN english_spelling: unknown English word(s): colour,Ölfarbe,die,die Ölfarben,oil colour,"die ölfarbe, -n",oil colour,"die Ölfarbe, -n",0.961
ch9-091,33,7b,OK,,Palette,die,die Paletten,palette,"die Palette, -n",palette,"die Paltte, -n",0.977
ch9-092,33,7b,OK,,Schwerpunkt,der,die Schwerpunkte,focus,"der Schwerpunkt, -e",focus,"der Schwerpunkt, -e",0.987
ch9-093,33,7b,OK,,Theatermacher,der,die Theatermacher,theatre maker (m),"der Theatermacher, -",theatre maker (m),"der Thegtermacher, -",0.98
ch9-094,33,7b,OK,,Theatermacherin,die,die Theatermacherinnen,theatre maker (f),"die Theatermacherin, -nen",theatre maker (f),"die Thegtermacherin, -nen",0.993
ch9-095,34,7b,WARN,WARN auto_corrected: 'um/setzen' -> 'umsetzen' (checked with Wiktionary),umsetzen,,,to realize,um/setzen,to realize,m|setzen,0.943
ch9-096,34,7b,WARN,WARN english_spelling: unknown English word(s): upcycling,Upcycling,das,,upcycling,das Upcycling (Sg.),upcycling,das pcycling (Sg.),0.954
ch9-097,34,7b,OK,,Vase,die,die Vasen,vase,"die Vase, -n",vase,"die Vase, -n",0.975
ch9-098,34,7c,OK,,Adjektivendung,die,die Adjektivendungen,end of an adjective,"die Adjektivendung, -en",end of an adjective,"die Adjektivendung, -en",0.97
ch9-099,34,7c,OK,,Eigenschaft,die,die Eigenschaften,characteristic,"die Eigenschaft, -en",characteristic,"die Eigenschaft, -en",0.979
ch9-100,34,7c,OK,,Lernplakat,das,die Lernplakate,revision poster,"das Lernplakat, -e",revision poster,"das Lęrnplakat, -e",0.964
ch9-101,34,7c,OK,,nominal,,,nominal,nominal,nominal,nomingl,1.0
ch9-102,34,7d,ERROR,ERROR article_mismatch: article 'der/die' but Wiktionary says das,Teilnehmende,der/die,die Teilnehmenden,participant,"der/die Teilnehmende, -n",participant,"der/die Teilnehmende, -n",0.994
ch9-103,34,8a,OK,,dankbar,,,thankful,dankbar,thankful,dnkbar,1.0
ch9-104,34,8a,OK,,Farbstift,der,die Farbstifte,crayon,"der Farbstift, -e",crayon,"der Frbstift, -e",0.987
ch9-105,34,8a,OK,,Frisur,die,die Frisuren,hair style,"die Frisur, -en",hair style,"die Frisur, -en",0.95
ch9-106,34,8a,OK,,Kuli,der,die Kulis,pen,"der Kuli, -s",pen,"der Kuli, -s",0.991
ch9-107,34,8a,WARN,WARN auto_corrected: 'rumlliegen' -> 'armliegen' (checked with Wiktionary),armliegen,,,to lie around,"rumlliegen, er liegt rum, lag rum, hat/ist rumgelegen",to lie around,"rm|liegen, er liegt rm, lag rm, hat/ist rmgelegen",0.965
ch9-108,34,8c,OK,,chaotisch,,,chaotic,chaotisch,chaotic,chaotisch,0.986
ch9-109,34,8c,OK,,Theaterstück,das,die Theaterstücke,theatre play,"das Theaterstück, -e",theatre play,"das Thegterstück, -e",0.97
ch9-110,34,8d,OK,,erfinden,,,to invent,"erfinden, er erfindet, erfand, hat erfunden",to invent,"erfnden, er erfndet, erfnd, hat erfnden",0.988
ch9-111,34,8d,OK,,Motto-Party,die,die Motto-Partys,theme party,"die Motto-Party, -s",theme party,"die Mtto-Party, -s",0.956
ch9-112,34,8d,OK,,Sportteam,das,die Sportteams,sports team,"das Sportteam, -s",sports team,"das Sportteam, -s",0.969
ch9-113,34,8d,OK,,veranstalten,,,to organize,veranstalten,to organize,vernstalten,0.971
ch9-114,34,10a,OK,,ersetzen,,,to replace,ersetzen,to replace,ersętzen,0.961
ch9-115,34,10a,OK,,improvisieren,,,to improvise,improvisieren,to improvise,improvisieren,0.999
ch9-116,34,10a,OK,,Referat,das,die Referate,presentation,"das Referat, -e",presentation,"das Referat, -e",0.982
ch9-117,34,10b,OK,,Gründer,der,die Gründer,founder (m),"der Gründer, -",founder (m),"der Gründer, -",0.954
ch9-118,34,10b,OK,,Gründerin,die,die Gründerinnen,founder (f),"die Gründerin, -nen",founder (f),"die Grnderin, -nen",0.959
ch9-119,34,10b,WARN,WARN english_spelling: unknown English word(s): improv,Impro-Theater,das,die Impro-Theater,improv theatre,"das Impro-Theater, -",improv theatre,"das mpro-Theater, -",0.962
ch9-120,34,10d,OK,,Biene,die,die Bienen,bee,"die Biene, -n",bee,"die Biene, -n",0.939
ch9-121,34,10d,OK,,Briefmarke,die,die Briefmarken,postage stamp,"die Briefmarke, -n",postage stamp,"die Briefmarke, -n",0.984
ch9-122,34,10d,OK,,Couch,die,die Couchs,couch,"die Couch, -s",couch,"die Couch, -s",0.943
ch9-123,34,10d,OK,,Detektiv,der,die Detektive,detective (m),"der Detektiv, -e",detective (m),"der Detektiv, -e",0.978
ch9-124,34,10d,OK,,Detektivin,die,die Detektivinnen,detective (f),"die Detektivin, -nen",detective (f),"die Detektivin, -nen",0.973
ch9-125,34,10d,OK,,Dieb,der,die Diebe,thief,"der Dieb, -e",thief,"der Dieb, -e",0.972
ch9-126,34,10d,OK,,Rose,die,die Rosen,rose,"die Rose, -n",rose,"die Rose, -n",0.991
ch9-127,34,10d,OK,,Spiegel,der,die Spiegel,mirror,"der Spiegel,",mirror,"der Spiegel, -",0.973
ch9-128,34,10d,OK,,Stufe,die,die Stufen,step,"die stufe, -n",step,"die Stufe, -n",0.988
ch9-129,34,10d,OK,,Topf,der,die Töpfe,pot,"der Topf, ""e",pot,"der Tpf, ""-e",0.988
ch9-130,34,10d,OK,,Treppenhaus,das,die Treppenhäuser,stairwell,"das Treppenhaus, ""-er",stairwell,"das Trppenhaus, ""-er",0.977
ch9-131,34,10d,WARN,WARN auto_corrected: 'Ymleitung' -> 'Umleitung' (checked with Wiktionary),Umleitung,die,die Umleitungen,diversion,"die Ymleitung, -en",diversion,"die mleitung, -en",0.941
ch9-132,34,10f,OK,,Vorstellung,die,die Vorstellungen,performance,"die Vorstellung, -en (Das Theater gibt náchste Woche drei Vorstellungen.",performance (The theatre has three performances next week.),"die Vorstellung, -en (Das Theater gibt nächste Woche drei Vorstellungen.)",0.981
ch9-133,34,11a,OK,,Autoverkauf,der,die Autoverkäufe,car sale,"der Autoverkauf, ""e",car sale,"der Autoverkauf, ""-e",0.991
ch9-134,34,11a,OK,,Backofen,der,die Backöfen,oven,"der Backofen, ""-",oven,"der Bckofen, ""-",0.935
ch9-135,34,11a,OK,,Kunstsammler,der,die Kunstsammler,art collector (m),"der Kunstsammler, -",art collector (m),"der Knstsammler, -",0.96
ch9-136,34,11a,OK,,Kunstsammlerin,die,die Kunstsammlerinnen,art collector (f),"die Kunstsammlerin, -nen",art collector (f),"die Knstsammlerin, -nen",0.954
ch9-137,34,11a,OK,,Missverständnis,das,die Missverständnisse,misunderstanding,"das Missverständnis, -se",misunderstanding,"das Missverständnis, -se",0.976
ch9-138,34,12b,OK,,einzig,,,only,einzig,only,einzig,0.996
ch9-139,34,12b,OK,,heimlich her sein,,,secret the choir.),"heimlich her sein(Es ist lange her, dass ich im Chor to be long ago (It is long ago that I sung in gesungen habe.)",secret the choir.),"heimlich her sein (Es ist lange her, dass ich im Chor to be long ago (It is long ago that I sung in gesungen habe.)",0.979
ch9-140,34,12b,OK,,Meister,der,die Meister,master (m),"der Meister, -",master (m),"der Meister, -",0.958
ch9-141,35,12b,OK,,Meisterin,die,die Meisterinnen,master (f),"die Meisterin, -nen",master (f),"die Meisterin, -nen",0.956
ch9-142,35,12b,OK,,Mode,die,die Moden,fashion,"die Mode, -n (aus der Mode kommen)",fashion (to be out of fashion),"die Mode, -n (aus der Mode kommen)",0.992
ch9-143,35,12b,OK,,musizieren,,,to make music,musizieren,to make music,musizieren,0.998
ch9-144,35,12b,WARN,WARN english_spelling: unknown English word(s): neighbourhood,Nachbarschaft,die,,neighbourhood,die Nachbarschaft (Sg.),neighbourhood,die Nchbarschaft (Sg.),0.999
ch9-145,35,12b,OK,,Neffe,der,die Neffen,nephew,"der Neffe, -n",nephew,"der Nęffe, -n",0.985
ch9-146,35,12b,OK,,schließen,,,to make (to make friends),"schlieBen, er schlieBt, schloss, hat geschlossen (Freundschaft schlieBen)",to make (to make friends),"schließen, er schließt, schloss, hat geschlssen (Freundschaft schließen)",0.964
ch9-147,35,12b,OK,,Schulchor,der,die Schulchöre,school choir,"der Schulchor, ""e",school choir,"der Schulchor, ""-e",0.994
ch9-148,35,12b,OK,,talentiert,,,talented,talentiert,talented,talentiert,1.0
ch9-149,35,12b,OK,,Tradition,die,die Traditionen,tradition,"die Tradition, -en",tradition,"die Tradition, -en",0.969
ch9-150,35,12b,OK,,traditionell,,,traditional,traditionell,traditional,traditionęll,1.0
ch9-151,35,12b,OK,,Treffen,das,die Treffen,meeting,"das Treffen, -",meeting,"das Tręffen, -",0.977
ch9-152,35,12b,OK,,uncool,,,uncool,uncool,uncool,ncool,0.999
ch9-153,35,12b,WARN,"WARN plural_missing: noun has a comma but no plural code (OCR may have dropped it); WARN plural_filled: plural missing in OCR, filled from Wiktionary: die Viren",Virus,das,die Viren,virus,"das Virus, Viren",virus,"das Virus, Vren",0.998
ch9-154,35,12b,OK,,Volkslied,das,die Volkslieder,folk song,"das Volkslied, -er",folk song,"das Vlkslied, -er",0.969
ch9-155,35,12b,OK,,zeitlos,,,timeless,zeitlos,timeless,zeitlos,1.0
ch9-156,35,12b,WARN,WARN auto_corrected: 'zulsehen' -> 'zusehen' (checked with Wiktionary),zusehen,,,to watch,"zulsehen, er sieht zu, sah zu, hat zugesehen",to watch,"zu|sehen, er sieht zu, sah zu, hat zugesehen",0.964
ch9-157,35,13b,WARN,WARN auto_corrected: 'einlsperren' -> 'einsperren' (checked with Wiktionary),einsperren,,,to lock sb in,einlsperren,to lock sb in,ein|sperren,0.996
ch9-158,35,13b,OK,,entzwei,,,in two,entzwei,in two,entzwei,0.999
ch9-159,35,13b,OK,,erschießen,,,to shoot,"erschieBen, er erschieBt, erschoss, hat erschossen",to shoot,"erschießen, er erschießt, erschss, hat erschossen",0.986
ch9-160,35,13b,OK,,finster,,,gloomy,finster,gloomy,fnster,0.999
ch9-161,35,13b,OK,,Gedanke,der,die Gedanken,thought,"der Gedanke, -n (Mach dir mal keine Gedanken.)",thought (Don't think about it.),"der Gednke, -n (Mach dir mal keine Gedanken.)",0.986
ch9-162,35,13b,OK,,Jäger,der,die Jäger,hunter (m),"der Jäger, -",hunter (m),"der Jäger, -",0.923
ch9-163,35,13b,WARN,WARN auto_corrected: 'Jágerin' -> 'Jägerin' (checked with Wiktionary),Jägerin,die,die Jägerinnen,hunter (f),"die Jágerin, -nen",hunter (f),"die Jägerin, -nen",0.96
ch9-164,35,13b,OK,,Kerker,der,die Kerker,dungeon,"der Kerker, -",dungeon,"der Krker, -",0.909
ch9-165,35,13b,OK,,Mauer,die,die Mauern,wall,"die Mauer, -n",wall,"die Mauer, -n",0.973
ch9-166,35,13b,OK,,nächtlich,,,nightly,nächtlich,nightly,nächtlich,0.941
ch9-167,35,13b,OK,,Schranke,die,die Schranken,barrier,"die Schranke, -n",barrier,"die Schrnke, -n",0.993
ch9-168,35,13b,OK,,vergeblich,,,forgivable,vergeblich,forgivable,vergeblich,0.999
ch9-169,35,13b,WARN,WARN auto_corrected: 'vorbeilfliegen' -> 'vorbeifliegen' (checked with Wiktionary),vorbeifliegen,,,to fly past,"vorbeilfliegen, er fliegt vorbei, flog vorbei, ist vorbeigeflogen",to fly past,"vorbei|fliegen, er fliegt vorbei, flog vorbei, ist vorbeigeflogen",0.998
ch9-170,35,13b,OK,,zerreißen,,,to tear apart,"zerreiBen, er zerreiBt, zerriss, hat zerrissen",to tear apart,"zerreißen, er zerreißt, zerrss, hat zerrissen",0.984
ch9-171,35,13b,WARN,WARN english_spelling: unknown English word(s): relativise,k&k relativieren,,,to relativise,k&k relativieren,to relativise,k&k relativieren,0.975
ch10-001,35,1a,OK,,Demokratie,die,die Demokratien,democracy,"die Demokratie, -n",democracy,"die Demokratie, -n",0.979
ch10-002,35,1a,OK,,Ehrlichkeit,die,,honesty,die Ehrlichkeit (Sg.),honesty,die Ehrlichkeit (Sg.),0.996
ch10-003,35,1a,OK,,Erziehung,die,,upbringing,die Erziehung (Sg.),upbringing,die Erziehung (Sg.),0.994
ch10-004,35,1a,OK,,Fairness,die,,fairness,die Fairness (Sg.),fairness,die Fairness (Sg.),0.971
ch10-005,35,1a,OK,,Gerechtigkeit,die,,justice,die Gerechtigkeit (Sg.),justice,die Geręchtigkeit (Sg.),0.989
ch10-006,35,1a,OK,,Gleichberechtigung,die,,equality,die Gleichberechtigung (Sg.),equality,die Gleichberechtigung (Sg.),0.989
ch10-007,35,1a,OK,,Hilfsbereitschaft,die,,helpfulness,die Hilfsbereitschaft (Sg.),helpfulness,die Hlfsbereitschaft (Sg.),0.994
ch10-008,35,1a,OK,,Respekt,der,,respect,der Respekt (Sg.),respect,der Respękt (Sg.),0.948
ch10-009,35,1a,WARN,"WARN plural_missing: noun has a comma but no plural code (OCR may have dropped it); WARN plural_filled: plural missing in OCR, filled from Wiktionary: die Werte",Wert,der,die Werte,value (Which values are important in a society?),"der Wert, -e Welche Werte sind in einer Gesellschaft wichtig?)",value (Which values are important in a society?),"der Wrt, -e Welche Werte sind in einer Gesellschaft wichtig?)",0.988
ch10-010,35,1a,OK,,Zivilcourage,die,,moral courage,die Zivilcourage (Sg.),moral courage,die Zivilcourage (Sg.),0.974
ch10-011,35,1c,OK,,"üß der/die Abgeordnete, -n",,"die üß der/die Abgeordnete, -nn","MP, congressman (wo)","üB der/die Abgeordnete, -n","MP, congress(wo)man","der/die Abgeordnete, -n",0.992
ch10-012,36,1c,OK,,Amt,das,die Ämter,office,"das Amt, ""-er (Sie übernimmt das Amt einer Abgeordneten.)",office (She's taking on the office of an MP.),"das Amt, ""-er (Sie übernimmt das Amt einer Abgeordneten.)",0.974
ch10-013,36,1c,OK,,Arbeitsstelle,die,die Arbeitsstellen,job,"die Arbeitsstelle, -n",job,"die Arbeitsstelle, -n",0.971
ch10-014,36,1c,OK,,Aufnahme,die,,inclusion,die Aufnahme (Sg.) (die Aufnahme in ein Team),inclusion (the inclusion into a team),die Aufnahme (Sg.) (die Aufnahme in ein Team),0.992
ch10-015,36,1c,OK,,Bedürfnis,das,die Bedürfnisse,need,"das Bedürfnis, -se",need,"das Bedrfnis, -se",0.962
ch10-016,36,1c,OK,,blind,,,blind,blind,blind,blnd,0.994
ch10-017,36,1c,OK,,Blinde,der/die,die Blinden,blind person,"der/die Blinde, -n",blind person,"der/die Blnde, -n",0.978
ch10-018,36,1c,OK,,Bundeskanzler,der,die Bundeskanzler,chancellor (m),"der Bundeskanzler, -",chancellor (m),"der Bndeskanzler, -",0.992
ch10-019,36,1c,OK,,Bundeskanzlerin,die,die Bundeskanzlerinnen,chancellor (f),"die Bundeskanzlerin, -nen",chancellor (f),"die Bndeskanzlerin, -nen",0.979
ch10-020,36,1c,OK,,Bundestag,der,,Bundestag,der Bundestag (Sg.),Bundestag,der Bndestag (Sg.),0.957
ch10-021,36,1c,OK,,Flucht,die,,escape,die Flucht (Sg.),escape,die Flcht (Sg.),0.999
ch10-022,36,1c,OK,,humorvoll,,,funny,humorvoll,funny,humorvoll,0.997
ch10-023,36,1c,OK,,Integration,die,,integration,die Integration (Sg.),integration,die Integration (Sg.),0.999
ch10-024,36,1c,OK,,Kandidat,der,die Kandidaten,candidate (m),"der Kandidat, -en",candidate (m),"der Kandidgt, -en",0.974
ch10-025,36,1c,OK,,Kandidatin,die,die Kandidatinnen,candidate (f),"die Kandidatin, -nen",candidate (f),"die Kandidatin, -nen",0.981
ch10-026,36,1c,OK,,körperlich,,,physical,körperlich,physical,körperlich,0.993
ch10-027,36,1c,OK,,Migrant,der,die Migranten,migrant (m),"der Migrant, -en",migrant (m),"der Migrnt, -en",0.978
ch10-028,36,1c,OK,,Migrantin,die,die Migrantinnen,migrant (f),"die Migrantin, -nen",migrant (f),"die Migrntin, -nen",0.997
ch10-029,36,1c,OK,,Minderheit,die,die Minderheiten,minority,"die Minderheit, -en",minority,"die Mnderheit, -en",0.996
ch10-030,36,1c,OK,,Minister,der,die Minister,minister (m),"der Minister, -",minister (m),"der Minįster, -",0.987
ch10-031,36,1c,OK,,Ministerin,die,die Ministerinnen,minister (f),"die Ministerin, -nen",minister (f),"die Minsterin, -nen",0.991
ch10-032,36,1c,OK,,Recht,das,die Rechte,law,"das Recht, -e",law,"das Ręcht, -e",0.954
ch10-033,36,1c,OK,,Regierung,die,die Regierungen,government,"die Regierung, -en",government,"die Regierung, -en",0.969
ch10-034,36,1c,OK,,verlassen,,,to leave,"verlassen, er verlásst, verließ, hat verlassen",to leave,"verlssen, er verlsst, verließ, hat verlssen",0.96
ch10-035,36,1c,OK,,vollständig,,,complete,vollständig,complete,vollständig,0.961
ch10-036,36,1c,OK,,Vorurteil,das,die Vorurteile,prejudice,"das Vorurteil, -e",prejudice,"das Vorurteil, -e",0.99
ch10-037,36,2a,OK,,Meinungsfreiheit,die,,freedom of opinion,die Meinungsfreiheit (Sg.),freedom of opinion,die Meinungsfreiheit (Sg.),0.989
ch10-038,36,2c,OK,,sichern,,,to secure,sichern,to secure,sichern,0.999
ch10-039,36,3b,OK,,alarmieren,,,to alert,alarmieren,to alert,alarmieren,0.944
ch10-040,36,3b,OK,,Arbeitssuche,die,,job search,die Arbeitssuche (Sg.),job search,die Arbeitssuche (Sg.),0.998
ch10-041,36,3b,WARN,WARN auto_corrected: 'aus/bilden' -> 'ausbilden' (checked with Wiktionary),ausbilden,,,to train,aus/bilden,to train,aus|bilden,0.978
ch10-042,36,3b,OK,,Ausgabestelle,die,die Ausgabestellen,issuing office,"die Ausgabestelle, -n",issuing office,"die Ausgabestelle, -n",0.989
ch10-043,36,3b,OK,,bedürftig,,,needy,bedürftig,needy,bedrftig,0.987
ch10-044,36,3b,OK,,Behördengang,der,die Behördengänge,visit to the authorities,"der Behördengang, ""e",visit to the authorities,"der Behördengang, ""-e",0.969
ch10-045,36,3b,OK,,Berufsfeuerwehr,die,die Berufsfeuerwehren,professional fire brigade,"die Berufsfeuerwehr, -en",professional fire brigade,"die Berufsfeuerwehr, -en",0.986
ch10-046,36,3b,OK,,bewältigen,,,to deal with,bewältigen,to deal with,bewltigen,0.96
ch10-047,36,3b,OK,,Ding,das,die Dinge,thing,"das Ding, -e (In der Not zu helfen ist mein Ding.)",thing (To help during times of need is my thing),"das Dng, -e (In der Not zu helfen ist mein Ding.)",0.927
ch10-048,36,3b,OK,,ehrenamtlich,,,voluntary,ehrenamtlich,voluntary,ehrenamtlich,0.999
ch10-049,36,3b,OK,,erfüllen,,,to fulfill,erfüllen (eine wichtige Funktion erfüllen),to fulfill (to fulfill an important function),erfllen (eine wichtige Funktion erfüllen),0.97
ch10-050,36,3b,OK,,Erste Hilfe,die,,first aid,die Erste Hilfe (Sg.),first aid,die Erste Hlfe (Sg.),0.984
ch10-051,36,3b,OK,,Feuerwehrleute,die,die Feuerwehrleute,firefighters,die Feuerwehrleute (Pl.),firefighters,die Feuerwehrleute (PI.),0.974
ch10-052,36,3b,OK,,Funktion,die,die Funktionen,function,"die Funktion, -en (eine wichtige Funktion erfüllen)",function (to fulfill an important function),"die Funktion, -en (eine wichtige Funktion erfüllen)",0.972
ch10-053,36,3b,OK,,Hochwasser,das,die Hochwasser,flood,"das Hochwasser,",flood,"das Hochwasser, -",0.97
ch10-054,36,3b,OK,,Jugendgruppe,die,die Jugendgruppen,youth group,"die Jugendgruppe, -n",youth group,"die Jugendgruppe, -n",0.988
ch10-055,36,3b,OK,,Mühe,die,die Mühen,effort,"die Mühe, -n",effort,"die Mühe, -n",0.926
ch10-056,36,3b,OK,,Nachhilfe,die,,tutoring (to tutor),die Nachhilfe (Sg.) (Nachhilfe geben),tutoring (to tutor),die Nachhilfe (Sg.) (Nachhilfe geben),0.992
ch10-057,36,3b,OK,,Nachtzeit,die,die Nachtzeiten,nighttime,"die Nachtzeit, -en",nighttime,"die Nchtzeit, -en",0.993
ch10-058,36,3b,OK,,Not,die,die Nöte,need,"die Not,""e",need,"die Not, ""-e",0.993
ch10-059,36,3b,OK,,Organisation,die,die Organisationen,organization,"die Organisation, -en",organization,"die Organisation, -en",0.995
ch10-060,37,3b,OK,,Pate,der,die Paten,godfather,"der Pate, -n",godfather,"der Pate, -n",0.988
ch10-061,37,3b,WARN,WARN english_spelling: unknown English word(s): godparenthood,Patenschaft,die,,"sponsorship, godparenthood",die Patenschaft (Sg.),"sponsorship, godparenthood",die Patenschaft (Sg.),0.999
ch10-062,37,3b,OK,,Patin,die,die Patinnen,godmother,"die Patin, -nen",godmother,"die Patin, -nen",0.996
ch10-063,37,3b,OK,,qualitativ,,,qualitative,qualitativ,qualitative,qualitativ,0.999
ch10-064,37,3b,OK,,spenden,,,to donate,spenden,to donate,spęnden,0.971
ch10-065,37,3b,OK,,übrig,,,remaining,übrig,remaining,übrig,0.924
ch10-066,37,3b,OK,,Vereinsmitglied,das,die Vereinsmitglieder,club member,"das Vereinsmitglied, -er",club member,"das Vereinsmitglied, -er",0.957
ch10-067,37,3b,OK,,werden,,,will,"werden, er wird, wurde, ist worden (Er wird in Erster Hilfe ausgebildet.)",will (He will be trained in first aid.),"wrden, er wrd, wrde, ist wrden (Er wird in Erster Hilfe ausgebildet.)",0.982
ch10-068,37,3c,OK,,Auswahl,die,,selection,die Auswahl (Sg.) (eine Auswahl treffen),selection (to make a selection),die Auswahl (Sg.) (eine Auswahl treffen),0.986
ch10-069,37,3c UB,OK,,Apfelsine,die,die Apfelsinen,orange,"die Apfelsine, -n",orange,"die Apfelsine, -n",0.984
ch10-070,37,3c UB,OK,,Aprikose,die,die Aprikosen,apricot,"die Aprikose, -n",apricot,"die Aprikose, -n",0.991
ch10-071,37,3c UB,OK,,Croissant,das,die Croissants,croissant,"das Croissant, -s",croissant,"das Croissant, -s",0.959
ch10-072,37,3c UB,OK,,Gewürz,das,die Gewürze,spice,"das Gewürz, -e",spice,"das Gewrz, -e",0.98
ch10-073,37,3c UB,OK,,Hackfleisch,das,,ground meat,das Hackfleisch (Sg.),ground meat,das Hckfleisch (Sg.),1.0
ch10-074,37,3c UB,OK,,Hörnchen,das,die Hörnchen,croissant,"das Hörnchen, -",croissant,"das Hörnchen, -",0.964
ch10-075,37,3c UB,OK,,Hühnchen,das,die Hühnchen,chicken,"das Hühnchen, -",chicken,"das Hühnchen, -",0.971
ch10-076,37,3c UB,OK,,Ketchup,der/das,die Ketchups,ketchup,"der/das Ketchup, -s",ketchup,"der/das Ktchup, -s",0.987
ch10-077,37,3c UB,OK,,Konfitüre,die,die Konfitüren,jam,"die Konfitüre, -n",jam,"die Konfitüre, -n",0.981
ch10-078,37,3c UB,OK,,Margarine,die,die Margarinen,margarine,"die Margarine, -n",margarine,"die Margarine, -n",0.995
ch10-079,37,3c UB,OK,,Milchprodukt,das,die Milchprodukte,milk product,"das Milchprodukt, -e",milk product,"das Mlchprodukt, -e",0.989
ch10-080,37,3c UB,OK,,Orange,die,die Orangen,orange,"die Orange, -n",orange,"die Orange, -n",0.991
ch10-081,37,3c UB,OK,,Pflaume,die,die Pflaumen,plum,"die Pflaume, -n",plum,"die Pflaume, -n",0.989
ch10-082,37,3c UB,WARN,WARN plural_missing: noun has a comma but no plural code (OCR may have dropped it),Pudding,der,,pudding,"der Pudding, -e/-s",pudding,"der Pdding, -e/-s",0.989
ch10-083,37,3c UB,OK,,Quark,der,,curd,der Quark (Sg.),curd,der Qurk (Sg.),0.998
ch10-084,37,3c UB,OK,,Schlagsahne,die,,whipped cream,die Schlagsahne (Sg.),whipped cream,die Schlagsahne (Sg.),0.993
ch10-085,37,3c UB,OK,,Soße,die,die Soßen,sauce,"die SoBe, -n",sauce,"die Soße, -n",0.921
ch10-086,37,3c UB,OK,,Vollmilch,die,,whole milk,die Vollmilch (Sg.),whole milk,die Vllmilch (Sg.),0.956
ch10-087,37,3c UB,OK,,würzen,,,to season,würzen,to season,wrzen,0.963
ch10-088,37,3c UB,ERROR,ERROR unknown_word: 'Zwetschge/Zwetschke' not in Wiktionary,Zwetschge/Zwetschke,die,die Zwetschge/Zwetschken,plum,"die Zwetschge/Zwetschke, -n",plum,"die Zwtschge/Zwętschke, -n",0.992
ch10-089,37,4a,OK,,Aktiv,das,,active,das Aktiv (Sg.),active,das Aktiv (Sg.),0.999
ch10-090,37,4a,OK,,Passiv,das,,passive,das Passiv (Sg.),passive,das Pssiv (Sg.),0.997
ch10-091,37,4a,OK,,Passivsatz,der,die Passivsätze,passive sentence,"der Passivsatz, ""e",passive sentence,"der Pssivsatz, ""-e",0.945
ch10-092,37,4b,OK,,Passivform,die,die Passivformen,passive form,"die Passivform, -en",passive form,"die Pssivform, -en",0.977
ch10-093,37,4c,OK,,Anfrage,die,die Anfragen,enquiry,"die Anfrage, -n",enquiry,"die Anfrage, -n",0.992
ch10-094,37,5a,OK,,bundesweit,,,nationwide,bundesweit,nationwide,bndesweit,0.999
ch10-095,37,5a,OK,,verbreiten,,,to spread,verbreiten,to spread,verbreiten,0.98
ch10-096,37,7a,OK,,abmelden,,,to sign off,abmelden,to sign off,b|melden,1.0
ch10-097,37,7a,OK,,Einwohnermeldeamt,das,die Einwohnermeldeämter,registration office,"das Einwohnermeldeamt, ""-er",registration office,"das Einwohnermęldeamt, ""-er",0.981
ch10-098,37,7a,OK,,Stadtinformation,die,die Stadtinformationen,city information,"die Stadtinformation, -en",city information,"die Stdtinformation, -en",0.997
ch10-099,37,7a,OK,,verantwortlich,,,responsible,verantwortlich (für + A.),responsible,verntwortlich (für + A.),0.981
ch10-100,37,7b,OK,,abstimmen,,,to vote,abstimmen,to vote,b|stimmen,1.0
ch10-101,37,7b,WARN,WARN auto_corrected: 'ablziehen' -> 'abziehen' (checked with Wiktionary),abziehen,,,to be deducted,"ablziehen, er zieht ab, zog ab, hat abgezogen",to be deducted,"b|ziehen, er zieht b, zog b, hat bgezogen",0.996
ch10-102,37,7b,OK,,Arbeitsamt,das,die Arbeitsämter,job center,"das Arbeitsamt, ""-er",job center,"das Arbeitsamt, ""-er",0.989
ch10-103,37,7b,OK,,Architekturbüro,das,die Architekturbüros,architecture firm,"das Architekturbüro, -s",architecture firm,"das Architekturbüro, -s",0.987
ch10-104,37,7b,OK,,Brezel,die,die Brezeln,pretzel,"die Brezel, -n",pretzel,"die Brezel, -n",0.99
ch10-105,37,7b,OK,,Bürgerversammlung,die,die Bürgerversammlungen,town meeting,"die Bürgerversammlung, -en",town meeting,"die Brgerversammlung, -en",0.959
ch10-106,37,7b,OK,,durch-führen einlnehmen,,,to conduct,"durch-führen einlnehmen, er nimmt ein, nahm ein, hat to take in (to take in money) eingenommen (Geld einnehmen)",to conduct,"drch-führen ein|nehmen, er nimmt ein, nahm ein, hat to take in (to take in money) eingenommen (Geld einnehmen)",0.98
ch10-107,37,7b,OK,,Elterncafé,das,die Elterncafés,parent coffee shop,"das Elterncafé, -s",parent coffee shop,"das lterncafé, -s",0.974
ch10-108,37,7b,OK,,elternfrei,,,parent-free,elternfrei,parent-free,ęlternfrei,0.999
ch10-109,38,7b,OK,,entsorgen,,,to dispose of,entsorgen,to dispose of,entsorgen,0.999
ch10-110,38,7b,OK,,erscheinen,,,to be released,"erscheinen, er erscheint, erschien, ist erschienen (Die Zeitschrift erscheint einmal im Monat.)",to be released (The magazine is released once a month.),"erscheinen, er erscheint, erschien, ist erschienen (Die Zeitschrift erscheint einmal im Monat.)",0.973
ch10-111,38,7b,OK,,finanzieren,,,to finance,finanzieren,to finance,finanzieren,1.0
ch10-112,38,7b,WARN,WARN auto_corrected: 'herauslfinden' -> 'herausfinden' (checked with Wiktionary),herausfinden,,,to find out,"herauslfinden, er findet heraus, fand heraus, hat herausgefunden",to find out,"heraus|finden, er findet heraus, fand heraus, hat herausgefunden",0.981
ch10-113,38,7b,OK,,Online-Redaktion,die,die Online-Redaktionen,online editors,"die Online-Redaktion, -en",online editors,"die nline-Redaktion, -en",0.978
ch10-114,38,7b,OK,,Semmel,die,die Semmeln,bread roll (South German),"die Semmel, -n (Süddeutsch)",bread roll (South German),"die Sęmmel, -n (Süddeutsch)",0.979
ch10-115,38,7b,OK,,Sitz,der,die Sitze,seat,"der sitz, -e (Die politische Vertretung hat ihren Sitz im Rathaus.)",seat (The political delegation has its seat in the townhall.),"der Stz, -e (Die politische Vertretung hat ihren Sitz im Rathaus.)",0.993
ch10-116,38,7b,OK,,Sommerprojekt,das,die Sommerprojekte,summer project,"das Sommerprojekt, -e",summer project,"das Smmerprojekt, -e",0.978
ch10-117,38,7b,OK,,Spielstadt,die,die Spielstädte,play city,"die Spielstadt, ""e",play city,"die Spielstadt, ""-e",0.985
ch10-118,38,7b,OK,,Vertretung,die,die Vertretungen,delegation,"die Vertretung, -en",delegation,"die Vertretung, -en",0.984
ch10-119,38,7b,OK,,Vorhaben,das,die Vorhaben,scheme,"das Vorhaben, -",scheme,"das Vorhaben, -",0.958
ch10-120,38,7b,OK,,Weblog,der,die Weblogs,web blog,"der Weblog, -s",web blog,"der Węblog, -s",0.984
ch10-121,38,7b,OK,,Zone,die,die Zonen,zone,"die Zone, -n",zone,"die Zone, -n",0.995
ch10-122,38,7b,WARN,WARN auto_corrected: 'zullassen' -> 'zulassen' (checked with Wiktionary),zulassen,,,to be admitted,"zullassen, er lásst zu, ließ zu, hat zugelassen",to be admitted,"zu|lassen, er lässt zu, ließ zu, hat zugelassen",0.974
ch10-123,38,7b,OK,,Zusammenleben,das,,communal life,das Zusammenleben (Sg.),communal life,das Zusmmenleben (Sg.),0.999
ch10-124,38,7b,WARN,WARN auto_corrected: 'zuverlássig' -> 'zuverlässig' (checked with Wiktionary),zuverlässig,,,reliable,zuverlássig,reliable,zuverlässig,0.941
ch10-125,38,7c,ERROR,ERROR unknown_word: 'mitlorganisieren' not in Wiktionary; WARN english_spelling: unknown English word(s): organise,mitlorganisieren,,,to help organise,mitlorganisieren,to help organise,mt|organisieren,0.987
ch10-126,38,7c,WARN,"WARN plural_missing: noun has a comma but no plural code (OCR may have dropped it); WARN plural_filled: plural missing in OCR, filled from Wiktionary: die Organisatoren; WARN english_spelling: unknown English word(s): organiser",Organisator,der,die Organisatoren,organiser (m),"der Organisator, Organisatoren",organiser (m),"der Organisator, Organisatoren",0.992
ch10-127,38,7c,WARN,WARN english_spelling: unknown English word(s): organiser,Organisatorin,die,die Organisatorinnen,organiser (f),"die Organisatorin, -nen",organiser (f),"die Organisatorin, -nen",0.976
ch10-128,38,7d,OK,,gell,,,right,gell,right,gell,0.954
ch10-129,38,7d,WARN,WARN auto_corrected: 'hinlgehen' -> 'hingehen' (checked with Wiktionary),hingehen,,,to go,"hinlgehen, er geht hin, ging hin, ist hingegangen",to go,"hnlgehen, er geht hn, ging hn, ist hngegangen",0.987
ch10-130,38,7d,OK,,Partikel,die,die Partikel,particle,"die Partikel, -",particle,"die Partikel, -",0.964
ch10-131,38,8b,OK,,Anspruch,der,die Ansprüche,entitlement,"der Anspruch, ""-e (Die Angestellten haben Anspruch auf 30 Tage Urlaub.)",entitlement (The employees are entitled to 30 holidays.),"der Anspruch, ""-e (Die Angestellten haben Anspruch auf 30 Tage Urlaub.)",0.977
ch10-132,38,8b,WARN,WARN auto_corrected: 'ab-ráumen' -> 'ab-räumen' (checked with Wiktionary),ab-räumen,,,to clear,ab-ráumen,to clear,b-räumen,0.94
ch10-133,38,8b,OK,,Lieferung,die,die Lieferungen,shipment,"die Lieferung, -en",shipment,"die Lieferung, -en",0.984
ch10-134,38,8b,OK,,Straßenlampe,die,die Straßenlampen,street lamp,"die StraBenlampe, -n",street lamp,"die Straßenlampe, -n",0.974
ch10-135,38,9a,OK,,Kontrastakzent,der,die Kontrastakzente,contrast emphasis,"der Kontrastakzent, -e",contrast emphasis,"der Kontrstakzent, -e",0.95
ch10-136,38,9a,OK,,Kontrastwort,das,die Kontrastwörter,contrast word,"das Kontrastwort, ""-er",contrast word,"das Kontrstwort, ""-er",0.996
ch10-137,38,10a,OK,,EU,die,,EU,die EU (Sg.),EU,die EU (Sg.),0.987
ch10-138,38,10a,OK,,Union,die,die Unionen,union,"die Union, -en (die Europáische Union)",union (the European Union),"die Union, -en (die Europäische Union)",0.98
ch10-139,38,10b,OK,,Ausstieg,der,die Ausstiege,exit,"der Ausstieg, -e",exit,"der Ausstieg, -e",0.993
ch10-140,38,10b,OK,,befürchten,,,to fear,befürchten,to fear,befürchten,0.941
ch10-141,38,10b,WARN,WARN auto_corrected: 'beiltreten' -> 'beitreten' (checked with Wiktionary),beitreten,,,to join,"beiltreten, er tritt bei, trat bei, ist beigetreten",to join,"beiltreten, er tritt bei, trat bei, ist beigetreten",0.984
ch10-142,38,10b,OK,,Besonderheit,die,die Besonderheiten,feature,"die Besonderheit, -en",feature,"die Besnderheit, -en",0.996
ch10-143,38,10b,OK,,Dienstleistung,die,die Dienstleistungen,service,"die Dienstleistung, -en",service,"die Dienstleistung, -en",0.988
ch10-144,38,10b,OK,,eine Entscheidung treffen,,,to make a decision,eine Entscheidung treffen,to make a decision,eine Entscheidung treffen,0.982
ch10-145,38,10b,OK,,endgültig,,,final,endgültig,final,ęndgültig,0.963
ch10-146,38,10b,OK,,Europäische Union,die,,European Union (= EU),die Europäische Union (Sg.) (= EU),European Union (= EU),die Europäische Union (Sg.) (= EU),0.966
ch10-147,38,10b,OK,,führen,,,to wage (to wage war),führen (Krieg fúhren),hier: to wage (to wage war),führen (Krieg führen),0.954
ch10-148,38,10b,OK,,Gemeinschaft,die,die Gemeinschaften,community,"die Gemeinschaft, -en (die Europäische Gemeinschaft)",community (the European community),"die Gemeinschaft, -en (die Europäische Gemeinschaft)",0.957
ch10-149,38,10b,OK,,Grenzkontrolle,die,die Grenzkontrollen,border control,"die Grenzkontrolle, -n",border control,"die Grnzkontrolle, -n",0.984
ch10-150,38,10b,OK,,Großbritannien,,,Great Britain,GroBbritannien,Great Britain,Großbritnnien,0.973
ch10-151,38,10b,OK,,im Lauf,,,over the course,im Lauf (+ G.) (Im Lauf der Zeit hat sich viel geándert.),over the course (Over the course of time a lot has changed.),im Lauf (+ G.) (Im Lauf der Zeit hat sich viel geändert.),0.973
ch10-152,39,10b,OK,,Krieg,der,die Kriege,war (to wage war),"der Krieg, -e (Krieg führen)",war (to wage war),"der Krieg, -e (Krieg führen)",0.966
ch10-153,39,10b,OK,,national,,,national,national,national,national,0.964
ch10-154,39,10b,OK,,Normalfall,der,die Normalfälle,rule,"der Normalfall, ""-e",rule,"der Normalfall, ""-e",0.984
ch10-155,39,10b,WARN,WARN english_spelling: unknown English word(s): sceptic,Skeptiker,der,die Skeptiker,sceptic (m),"der Skeptiker, -",sceptic (m),"der Skęptiker, -",0.99
ch10-156,39,10b,WARN,WARN english_spelling: unknown English word(s): sceptic,Skeptikerin,die,die Skeptikerinnen,sceptic (f),"die Skeptikerin, -nen",sceptic (f),"die Skęptikerin, -nen",0.994
ch10-157,39,10b,OK,,Vorschrift,die,die Vorschriften,regulation,"die Vorschrift, -en",regulation,"die Vorschrift, -en",0.979
ch10-158,39,10b,OK,,Weltkrieg,der,die Weltkriege,world war,"der Weltkrieg, -e",world war,"der Węltkrieg, -e",0.988
ch10-159,39,10b,OK,,wirtschaftlich,,,economic,wirtschaftlich,economic,wirtschaftlich,0.997
ch10-160,39,10b,WARN,WARN auto_corrected: 'zunáchst' -> 'zunächst' (checked with Wiktionary),zunächst,,,initially,zunáchst,initially,zunächst,0.911
ch10-161,39,11a,OK,,Atomkraft,die,,atomic power,die Atomkraft (Sg.),atomic power,die Atomkraft (Sg.),0.983
ch10-162,39,11a,OK,,Belgien,,,Belgium,Belgien,Belgium,Bęlgien,0.998
ch10-163,39,11a,OK,,Kriegswaffe,die,die Kriegswaffen,weapon of war,"die Kriegswaffe, -n",weapon of war,"die Kriegswaffe, -n",0.963
ch10-164,39,11a,OK,,Luxemburg,,,Luxembourg,Luxemburg,Luxembourg,Lxemburg,0.998
ch10-165,39,11a,OK,,Mitgliedsstaat,der,die Mitgliedsstaaten,member state,"der Mitgliedsstaat, -en",member state,"der Mtgliedsstaat, -en",0.965
ch10-166,39,11a,OK,,Niederlande,die,die Niederlande,Netherlands,die Niederlande (Pl.),Netherlands,die Niederlande (Pl.),0.973
ch10-167,39,11a,OK,,regeln,,,to regulate,regeln,to regulate,regeln,0.995
ch10-168,39,11a,OK,,schließen,,,to conclude,"schlieBen, er schlieBt, schloss, hat geschlossen (einen Vertrag schlieBen)",to conclude (to conclude a contract),"schließen, er schließt, schlss, hat geschlssen (einen Vertrag schließen)",0.972
ch10-169,39,11a,WARN,WARN auto_corrected: 'Solidaritát' -> 'Solidarität' (checked with Wiktionary),Solidarität,die,,solidarity,die Solidaritát (Sg.),solidarity,die Solidarität (Sg.),0.958
ch10-170,39,11a,OK,,Toleranz,die,,tolerance,die Toleranz (Sg.),tolerance,die Tolernz (Sg.),0.999
ch10-171,39,11a,OK,,Umgang,der,,dealing,der Umgang (Sg.),dealing,der mgang (Sg.),0.961
ch10-172,39,11a,OK,,unterzeichnen,,,to sign,unterzeichnen,to sign,unterzeichnen,0.999
ch10-173,39,11a,OK,,Wirtschaftsbeziehung,die,die Wirtschaftsbeziehungen,economic relationship,"die Wirtschaftsbeziehung, -en",economic relationship,"die Wrtschaftsbeziehung, -en",0.989
ch10-174,39,11a,OK,,Würde,die,,dignity,die Würde (Sg.),dignity,die Wrde (Sg.),0.964
ch10-175,39,11b,WARN,WARN english_spelling: unknown English word(s): etwa,Faden,der,die Fäden,in etwa: the train,"der Faden, ""- (den Faden verlieren)",in etwa: the train (to lose one's train of thought),"der Faden, ""- (den Faden verlieren)",0.983
ch10-176,39,11b,WARN,WARN english_spelling: unknown English word(s): humour,Humor,der,,humour,der Humor (Sg.) (Nimm die Situation mit Humor und mach einfach weiter.),humour (Laugh away the situation and just continue.),der Humor (Sg.) (Nimm die Situation mit Humor und mach einfach weiter.),0.986
ch10-177,39,11b,OK,,ins Stocken kommen,,,to falter,ins Stocken kommen,to falter,ins Stocken kommen,0.969
ch10-178,39,11b,OK,,Vortrag,der,die Vorträge,lecture,"der Vortrag,""e",lecture,"der Vortrag, ""-e",0.981
ch10-179,39,12b,OK,,abschließend,,,in conclusion,abschlieBend,in conclusion,bschließend,0.98
ch11-001,39,1b,WARN,WARN auto_corrected: 'Büragebáude' -> 'Bürogebäude' (checked with Wiktionary),Bürogebäude,das,die Bürogebäude,office building,"das Büragebáude, -",office building,"das Bürogebäude, -",0.922
ch11-002,39,1b,OK,,Dreck,der,,dirt,der Dreck (Sg.),dirt,der Dręck (Sg.),0.995
ch11-003,39,1b,OK,,Fußgänger,der,die Fußgänger,pedestrian (m),"der FuBgänger, -",pedestrian (m),"der Fußgänger, -",0.924
ch11-004,39,1b,OK,,Fußgängerin,die,die Fußgängerinnen,pedestrian (f),"die FuBgängerin, -nen",pedestrian (f),"die Fußgängerin, -nen",0.964
ch11-005,39,1b,OK,,Schaufenster,das,die Schaufenster,shop window,"das Schaufenster, -",shop window,"das Schaufenster, -",0.993
ch11-006,39,1b,WARN,WARN ocr_low_confidence: OCR confidence 0.72 < 0.85,Schmutz,der,,u!p,der Schmutz (Sg.),u!p,der Schmtz (Sg.),0.72
ch11-007,39,1b,WARN,WARN plural_missing: noun has a comma but no plural code (OCR may have dropped it),Tempo,das,,speed,"das Tempo, Tempi",speed,"das Tmpo, Tmpi",0.999
ch11-008,39,2a,OK,,Freizeitangebot,das,die Freizeitangebote,"recreational activity, leisure activity","das Freizeitangebot, -e","recreational activity, leisure activity","das Freizeitangebot, -e",0.96
ch11-009,39,4a,OK,,Stadtmensch,der,die Stadtmenschen,townie,"der Stadtmensch, -en",townie,"der Stdtmensch, -en",0.993
ch11-010,39,4b,WARN,WARN auto_corrected: 'anlgehen' -> 'angehen' (checked with Wiktionary),angehen,,,to concern,"anlgehen, er geht an, ging an, ist angegangen (Was ich mache, das geht keinen was an.)",to concern (What I do doesn't concern anybody.),"nlgehen, er geht n, ging n, ist ngegangen (Was ich mache, das geht keinen was an.)",0.978
ch11-011,39,4b,OK,,anscheinend,,,apparent,anscheinend,apparent,nscheinend,0.999
ch11-012,39,4b,OK,,Dialekt,der,die Dialekte,dialect,"der Dialekt, -e",dialect,"der Dialękt, -e",0.962
ch11-013,39,4b,OK,,eindeutig,,,clear,eindeutig,clear,eindeutig,0.996
ch11-014,39,4b,OK,,Forumsname,der,die Forumsnamen,forum name,"der Forumsname, -n",forum name,"der Forumsname, -n",0.983
ch11-015,39,4b,OK,,"irgendein, irgendeine, irgendwelche",,,some,"irgendein, irgendeine, irgendwelche",some,"rgendein, rgendeine, rgendwelche",0.974
ch11-016,40,4b,OK,,Kulturfest,das,die Kulturfeste,cultural festival,"das Kulturfest, -e",cultural festival,"das Kulturfest, -e",0.995
ch11-017,40,4b,OK,,Landmensch,der,die Landmenschen,country person,"der Landmensch, -en",country person,"der Lndmensch, -en",0.99
ch11-018,40,4c,OK,,entsprechend,,,equivalent,entsprechend,equivalent,entspręchend,1.0
ch11-019,40,4d,OK,,Sportsachen,die,die Sportsachen,sport gear,die Sportsachen (Pl.),sport gear,die Sportsachen (Pl.),0.992
ch11-020,40,5,OK,,irgendeins,,,some,irgendeins,some,rgendeins,0.991
ch11-021,40,5,OK,,Singularform,die,die Singularformen,singular form,"die Singularform, -en",singular form,"die Sngularform, -en",0.995
ch11-022,40,6a,OK,,erwachen,,,to awaken,erwachen,to awaken,erwchen,0.994
ch11-023,40,6b,OK,,Backstube,die,die Backstuben,bakery,"die Backstube, -n",bakery,"die Bckstube, -n",0.961
ch11-024,40,6b,OK,,Bauhof,der,die Bauhöfe,construction yard,"der Bauhof, ""-e",construction yard,"der Bauhof, ""-e",0.978
ch11-025,40,6b,WARN,WARN ocr_low_confidence: OCR confidence 0.66 < 0.85; WARN english_from_alt: used second OCR model: 'Anp' -> 'duty',Dienst,der,die Dienste,duty,"der Dienst, -e",Anp,"der Dienst, -e",0.657
ch11-026,40,6b,WARN,WARN auto_corrected: 'einlliefern' -> 'einliefern' (checked with Wiktionary),einliefern,,,admitted,einlliefern,admitted,ein|liefern,0.965
ch11-027,40,6b,OK,,Frühschicht,die,die Frühschichten,morning shift,"die Frühschicht, -en",morning shift,"die Frühschicht, -en",0.979
ch11-028,40,6b,OK,,Garagentor,das,die Garagentore,garage door,"das Garagentor, -e",garage door,"das Garagentor, -e",0.994
ch11-029,40,6b,WARN,WARN auto_corrected: 'herunterlfahren' -> 'herunterfahren' (checked with Wiktionary),herunterfahren,,,to shut (down),"herunterlfahren, er fährt herunter, fuhr herunter, ist heruntergefahren",to shut (down),"hernter|fahren, er fährt hernter, fuhr hernter, ist herntergefahren",0.98
ch11-030,40,6b,OK,,hindern hineinlgehen,,,to hinder,"hindern (an + D.) hineinlgehen, er geht hinein, ging hinein, to enter ist hineingegangen",to hinder,"hndern (an + D.) hinein|gehen, er geht hinein, ging hinein, to enter ist hineingegangen",0.99
ch11-031,40,6b,OK,,konzentriert,,,concentrated,konzentriert,concentrated,konzentriert,0.999
ch11-032,40,6b,OK,,Korb,der,die Körbe,basket,"der Korb, ""-e",basket,"der Krb, ""-e",0.931
ch11-033,40,6b,OK,,laden,,,to load,"laden, er lädt, lud, hat geladen (Die Báckerin ládt Körbe mit Brot ins Auto.)",to load (The baker is loading baskets full of bread into the car.),"laden, er lädt, lud, hat geladen (Die Bäckerin lädt Körbe mit Brot ins Auto.)",0.972
ch11-034,40,6b,OK,,Magazinbericht,der,die Magazinberichte,magazine report,"der Magazinbericht, -e",magazine report,"der Magazinbericht, -e",0.992
ch11-035,40,6b,OK,,Obdachlose,der/die,die Obdachlosen,homeless person,"der/die Obdachlose, -n",homeless person,"der/die bdachlose, -n",0.975
ch11-036,40,6b,OK,,Reinigungsfahrzeug,das,die Reinigungsfahrzeuge,street cleaning vehicle,"das Reinigungsfahrzeug, -e",street cleaning vehicle,"das Reinigungsfahrzeug, -e",0.968
ch11-037,40,6b,OK,,Schicht,die,die Schichten,shift,"die Schicht, -en",shift,"die Schcht, -en",0.93
ch11-038,40,6b,OK,,schwer,,,severe,schwer (Auf der Autobahn gab es einen schweren Unfall.),severe (There was a severe accident on the motorway.),schwer (Auf der Autobahn gab es einen schweren Unfall.),0.972
ch11-039,40,6b,OK,,städtisch,,,urban,städtisch,urban,städtisch,0.941
ch11-040,40,6b,WARN,WARN auto_corrected: 'Bergabe' -> 'Übergabe' (checked with Wiktionary),Übergabe,die,die Übergaben,handover,"die bergabe, -n",handover,"die Übergabe, -n",0.973
ch11-041,40,6b,OK,,unruhig,,,"restless, turbulent",unruhig,"restless, turbulent",nruhig,0.998
ch11-042,40,6b,OK,,Weg,der,die Wege,way,"der Weg, -e (Es ist schon spät. Wir sollten uns auf den Weg machen.)",way (It's already late. We should get on the way.),"der Weg, -e (Es ist schon spät. Wir sollten uns auf den Weg machen.)",0.976
ch11-043,40,6c,OK,,Nachtdienst,der,die Nachtdienste,night shift,"der Nachtdienst, -e",night shift,"der Nchtdienst, -e",0.971
ch11-044,40,6d,OK,,Sozialarbeiter,der,die Sozialarbeiter,social worker (m),"der Sozialarbeiter, -",social worker (m),"der Soziglarbeiter, -",0.979
ch11-045,40,6d,OK,,Sozialarbeiterin,die,die Sozialarbeiterinnen,social worker (f),"die Sozialarbeiterin, -nen",social worker (f),"die Soziglarbeiterin, -nen",0.979
ch11-046,40,7,OK,,um ... herum,,,around,um ... herum (+ A.),around,m ... herm (+ A.),0.971
ch11-047,40,8b,WARN,WARN auto_corrected: 'ablhängen' -> 'abhängen' (checked with Wiktionary),abhängen,,,to be dependent on,"ablhängen (von + D.), er hängt ab, hing ab, hat abgehangen",to be dependent on,"blhängen (von + D.), er hängt b, hing b, hat bgehangen",0.958
ch11-048,40,8b,OK,,Arbeitslosigkeit,die,,unemployment,die Arbeitslosigkeit (Sg.),unemployment,die Arbeitslosigkeit (Sg.),0.999
ch11-049,40,8b,OK,,berücksichtigen,,,to consider,berücksichtigen,to consider,bercksichtigen,0.984
ch11-050,40,8b,OK,,betreffen,,,to concern,"betreffen, er betrifft, betraf, hat betroffen",to concern,"betrffen, er betrfft, betraf, hat betroffen",0.995
ch11-051,40,8b,WARN,WARN auto_corrected: 'Diversitát' -> 'Diversität' (checked with Wiktionary),Diversität,die,,diversity,die Diversitát (Sg.),diversity,die Diversität (Sg.),0.968
ch11-052,40,8b,OK,,Elternzeit,die,,parental leave,die Elternzeit (Sg.),parental leave,die lternzeit (Sg.),0.997
ch11-053,40,8b,OK,,Fachleute,die,die Fachleute,specialists,die Fachleute (Pl.),specialists,die Fchleute (Pl.),0.977
ch11-054,40,8b,WARN,WARN auto_corrected: 'festllegen' -> 'festlegen' (checked with Wiktionary),festlegen,,,to determine,festllegen,to determine,fęst|legen,0.938
ch11-055,40,8b,OK,,Gender-Gerechtigkeit,die,,"gender equality, gender equity",die Gender-Gerechtigkeit (Sg.),"gender equality, gender equity",die Gender-Gerechtigkeit (Sg.),0.984
ch11-056,40,8b,OK,,gesellschaftlich,,,social,gesellschaftlich,social,gesęllschaftlich,0.993
ch11-057,40,8b,OK,,gesetzlich,,,statutory,gesetzlich,statutory,gesętzlich,0.949
ch11-058,40,8b,OK,,Gesundheitssystem,das,die Gesundheitssysteme,healthcare system,"das Gesundheitssystem, -e",healthcare system,"das Gesndheitssystem, -e",0.997
ch11-059,41,8b,OK,,Hochschule,die,die Hochschulen,institution of higher education,"die Hochschule, -n",institution of higher education,"die Hochschule, -n",0.986
ch11-060,41,8b,OK,,Intensität,die,die Intensitäten,intensity,"die Intensität, -en",intensity,"die Intensität, -en",0.948
ch11-061,41,8b,OK,,jeweilig,,,respective,jeweilig,respective,jeweilig,0.999
ch11-062,41,8b,OK,,Kinderbetreuung,die,,childcare,die Kinderbetreuung (Sg.),childcare,die Knderbetreuung (Sg.),0.979
ch11-063,41,8b,OK,,rechtlich,,,legal,rechtlich,legal,ręchtlich,0.997
ch11-064,41,8b,OK,,sowie,,,as well as,sowie,as well as,sowie,0.999
ch11-065,41,8b,OK,,Vordergrund,der,,foreground,der Vordergrund (Sg.) (im Vordergrund stehen),foreground (to be in the foreground),der Vrdergrund (Sg.) (im Vordergrund stehen),0.99
ch11-066,41,8b,OK,,vorgeschrieben sein,,,to be mandatory,vorgeschrieben sein,to be mandatory,vorgeschrieben sein,0.971
ch11-067,41,8b,OK,,Work-Life-Balance,die,,work-life-balance,die Work-Life-Balance (Sg.),work-life-balance,die Work-Life-Balance (Sg.),0.978
ch11-068,41,8b,OK,,Zugang,der,die Zugänge,access,"der Zugang,""-e",access,"der Zugang, ""-e",0.958
ch11-069,41,8d,OK,,Radiobericht,der,die Radioberichte,radio report,"der Radiobericht, -e",radio report,"der Radiobericht, -e",0.958
ch11-070,41,8d,OK,,"p6 das Ranking, -s",,,ranking,"p6 das Ranking, -s",ranking,"p6 das Rnking, -s",0.987
ch11-071,41,8d,OK,,werten,,,to assess,werten,to assess,węrten,1.0
ch11-072,41,9c,OK,,fortsetzen,,,to continue,fortsetzen,to continue,fort|setzen,0.999
ch11-073,41,10,WARN,WARN auto_corrected: 'auslreden' -> 'ausreden' (checked with Wiktionary),ausreden,,,to finish speaking,auslreden (jemanden ausreden lassen),to finish speaking (to let somebody finish speaking),aus|reden (jemanden ausreden lassen),0.982
ch11-074,41,10,OK,,außer Acht lassen,,,to disregard,auBer Acht lassen,to disregard,außer Acht lassen,0.963
ch11-075,41,10,OK,,Budget,das,die Budgets,budget,"das Budget, -s",budget,"das Budget, -s",0.984
ch11-076,41,10,WARN,"WARN plural_missing: noun has a comma but no plural code (OCR may have dropped it); WARN plural_filled: plural missing in OCR, filled from Wiktionary: die Diskussionen",Diskussion,die,die Diskussionen,discussion,"die Diskussion, -en einlgehen (auf + D.), er geht ein, ging ein, to react to (to react to a point of view) ist eingegangen (auf einen Standpunkt eingehen)",discussion,"die Diskussion, -en einlgehen (auf + D.), er geht ein, ging ein, to react to (to react to a point of view) ist eingegangen (auf einen Standpunkt eingehen)",0.977
ch11-077,41,10,OK,,Kita,die,die Kitas,kindergarten,"die Kita, -s",kindergarten,"die Kita, -s",0.979
ch11-078,41,10,WARN,"WARN plural_missing: noun has a comma but no plural code (OCR may have dropped it); WARN plural_filled: plural missing in OCR, filled from Wiktionary: die Arenen",Open-Air-Arena,die,die Arenen,open air arena,"die Open-Air-Arena, -Arenen",open air arena,"die Open-Air-Arena, -Arenen",0.966
ch11-079,41,10,OK,,Rand,der,die Ränder,edge,"der Rand, ""er",edge,"der Rnd, ""-er",0.975
ch11-080,41,10,OK,,recht geben,,,to agree,recht geben,to agree,rcht geben,1.0
ch11-081,41,10,OK,,Renovierung,die,die Renovierungen,renovation,"die Renovierung, -en",renovation,"die Renovierung, -en",0.975
ch11-082,41,10,WARN,WARN english_spelling: unknown English word(s): nasium,Sporthalle,die,die Sporthallen,gym (nasium),"die Sporthalle, -n",gym(nasium),"die Sporthalle, -n",0.979
ch11-083,41,10,OK,,Stadtrat,der,die Stadträte,city council member (m),"der Stadtrat, ""-e (Er ist Stadtrat für Verkehr.)",city council member (m) (He's the city council member for traffic.),"der Stdtrat, ""-e (Er ist Stadtrat für Verkehr.)",0.984
ch11-084,41,10,ERROR,ERROR unknown_word: 'Stadtrátin' not in Wiktionary,Stadtrátin,die,die Stadtrátinnen,city council member (f),"die Stadtrátin, -nen",city council member (f),"die Stdträtin, -nen",0.947
ch11-085,41,10,OK,,Umbau,der,die Umbauten,renovation,"der Umbau, -ten",renovation,"der mbau, -ten",0.935
ch11-086,41,10,OK,,unterbrechen,,,to interrupt,"unterbrechen, er unterbricht, unterbrach, hat unterbrochen",to interrupt,"unterbręchen, er unterbricht, unterbrach, hat unterbrchen",0.999
ch11-087,41,10,OK,,vermitteln,,,to mediate,vermitteln (Die Diskussion ist sehr emotional. Der Moderator sollte vermitteln.),to mediate (The discussion is very emotional. The presenter should mediate.),vermtteln (Die Diskussion ist sehr emotional. Der Moderator sollte vermitteln.),0.994
ch11-088,41,10,OK,,Wohnbau,der,,housing construction,der Wohnbau (Sg.),housing construction,der Wohnbau (Sg.),0.946
ch11-089,41,12b,WARN,WARN auto_corrected: 'ablbiegen' -> 'abbiegen' (checked with Wiktionary),abbiegen,,,to turn,"ablbiegen, er biegt ab, bog ab, ist abgebogen",to turn,"blbiegen, er biegt b, bog b, ist bgebogen",0.991
ch11-090,41,12b,OK,,Autowerkstatt,die,die Autowerkstätten,garage,"die Autowerkstatt, ""-en",garage,"die Autowerkstatt, ""-en",0.984
ch11-091,41,12b,OK,,Billett,das,die Billetts,ticket (Swiss German),"das Billett, -s (Schweizerdeutsch)",ticket (Swiss German),"das Billętt, -s (Schweizerdeutsch)",0.986
ch11-092,41,12b,OK,,Bootstour,die,die Bootstouren,boat trip,"die Bootstour, -en",boat trip,"die Bootstour, -en",0.989
ch11-093,41,12b,OK,,Einheimische,der/die,die Einheimischen,native,"der/die Einheimische, -n",native,"der/die Einheimische, -n",0.985
ch11-094,41,12b,OK,,Fahrschein,der,die Fahrscheine,ticket,"der Fahrschein, -e",ticket,"der Fahrschein, -e",0.997
ch11-095,41,12b,WARN,WARN english_spelling: unknown English word(s): facaded,Fassade,die,die Fassaden,facaded,"die Fassade, -n",facaded,"die Fassade, -n",0.99
ch11-096,41,12b,WARN,WARN english_spelling: unknown English word(s): favourite,Favorit,der,die Favoriten,favourite (m),"der Favorit, -en",favourite (m),"der Favorit, -en",0.987
ch11-097,41,12b,WARN,WARN english_spelling: unknown English word(s): favourite,Favoritin,die,die Favoritinnen,favourite (f),"die Favoritin, -nen",favourite (f),"die Favoritin, -nen",0.981
ch11-098,41,12b,OK,,fern,,,distant,fern,distant,fern,0.999
ch11-099,41,12b,OK,,fließen,,,to flow,"flieBen, er flieBt, floss, ist geflossen",to flow,"fließen, er fließt, flss, ist geflssen",0.975
ch11-100,41,12b,OK,,Flüchtling,der,die Flüchtlinge,refugee,"der Flüchtling, -e",refugee,"der Flchtling, -e",0.985
ch11-101,41,12b,OK,,Flussbad,das,die Flussbäder,river swimming pool,"das Flussbad, ""er",river swimming pool,"das Flssbad, ""-er",0.975
ch11-102,42,12b,OK,,Gasse,die,die Gassen,alley,"die Gasse, -n",alley,"die Gsse, -n",0.964
ch11-103,42,12b,OK,,Hauptgrund,der,die Hauptgründe,main reason,"der Hauptgrund, ""-e",main reason,"der Hauptgrund, ""-e",0.981
ch11-104,42,12b,OK,,Industrieviertel,das,die Industrieviertel,industrial quarter,"das Industrieviertel, -",industrial quarter,"das Industrieviertel, -",0.999
ch11-105,42,12b,OK,,Initiative,die,die Initiativen,initiative,"die Initiative, -n (eine soziale Initiative)",initiative (a social initiative),"die Initiative, -n (eine soziale Initiative)",0.991
ch11-106,42,12b,WARN,WARN english_spelling: unknown English word(s): centre,Mittelpunkt,der,die Mittelpunkte,centre,"der Mittelpunkt, -e (im Mittelpunkt stehen)",centre (to be the centre of focus),"der Mttelpunkt, -e (im Mittelpunkt stehen)",0.951
ch11-107,42,12b,OK,,mittendrin,,,in the middle of,mittendrin,in the middle of,mittendrin,0.999
ch11-108,42,12b,OK,,nirgendwo,,,nowhere,nirgendwo,nowhere,nrgendwo,0.996
ch11-109,42,12b,OK,,parkieren,,,to park (Swiss German),parkieren (Schweizerdeutsch),to park (Swiss German),parkieren (Schweizerdeutsch),0.984
ch11-110,42,12b,WARN,WARN auto_corrected: 'rauflfahren' -> 'rauffahren' (checked with Wiktionary),rauffahren,,,to drive up,"rauflfahren, er fährt rauf, fuhr rauf, ist raufgefahren",to drive up,"rauf|fahren, er fährt rauf, fuhr rauf, ist raufgefahren",0.977
ch11-111,42,12b,OK,,rollen,,,to roll,rollen,to roll,rollen,0.999
ch11-112,42,12b,WARN,WARN auto_corrected: 'rumlfahren' -> 'armfahren' (checked with Wiktionary),armfahren,,,to drive around,"rumlfahren, er fährt rum, fuhr rum, ist rumgefahren",to drive around,"rm|fahren, er fährt rm, fuhr rm, ist rmgefahren",0.979
ch11-113,42,12b,OK,,schmal,,,narrow,schmal,narrow,schmal,0.931
ch11-114,42,12b,OK,,schweizerdeutsch,,,Swiss German,schweizerdeutsch,Swiss German,schweizerdeutsch,0.964
ch11-115,42,12b,OK,,steigen,,,to climb,"steigen, er steigt, stieg, ist gestiegen",to climb,"steigen, er steigt, stieg, ist gestiegen",0.963
ch11-116,42,12b,OK,,Trendviertel,das,die Trendviertel,trending district,"das Trendviertel, -",trending district,"das Trndviertel, -",0.971
ch11-117,42,12b,OK,,Velo,das,die Velos,bicycle (Swiss German),"das Velo, -s (Schweizerdeutsch)",bicycle (Swiss German),"das Velo, -s (Schweizerdeutsch)",0.986
ch11-118,42,12b,OK,,Wahrzeichen,das,die Wahrzeichen,landmark,"das Wahrzeichen, -",landmark,"das Wahrzeichen, -",0.986
ch11-119,42,12b,OK,,üß an/schauen,,,to look at,üB an/schauen,to look at,n|schauen,0.956
ch11-120,42,12b,OK,,Denkmal,das,die Denkmäler,"memorial, monument","das Denkmal, ""er","memorial, monument","das Dęnkmal, ""-er",0.97
ch11-121,42,12b,OK,,Rundfahrt,die,die Rundfahrten,round trip,"die Rundfahrt, -en",round trip,"die Rndfahrt, -en",0.985
ch11-122,42,12b,OK,,springen,,,to jump,"springen, er springt, sprang, ist gesprungen",to jump,"sprngen, er sprngt, sprng, ist gesprngen",0.971
ch11-123,42,12b,OK,,Stadtbummel,der,die Stadtbummel,stroll through the city,"der Stadtbummel, -",stroll through the city,"der Stdtbummel, -",0.973
ch11-124,42,13a,OK,,Tourismus,der,,tourism,der Tourismus (Sg.),tourism,der Toursmus (Sg.),0.989
ch11-125,42,13b,OK,,Geschäftspartner,der,die Geschäftspartner,business partner (m),"der Geschäftspartner, -",business partner (m),"der Geschftspartner, -",0.967
ch11-126,42,13b,OK,,Geschäftspartnerin,die,die Geschäftspartnerinnen,business partner (f),"die Geschäftspartnerin, -nen",business partner (f),"die Geschftspartnerin, -nen",0.981
ch11-127,42,13b,OK,,k&k halbformell,,,half formal,k&k halbformell,half formal,k&k hlbformell,1.0
ch12-001,42,1a,OK,,regieren,,,to rule,regieren,to rule,regieren,0.995
ch12-002,42,3a,OK,,Bankgeschäft,das,die Bankgeschäfte,banking,"das Bankgeschäft, -e",banking,"das Bnkgeschäft, -e",0.95
ch12-003,42,3a,OK,,Beleg,der,die Belege,receipt,"der Beleg, -e",receipt,"der Beleg, -e",0.978
ch12-004,42,3a,WARN,WARN auto_corrected: 'ein/zahlen' -> 'einzahlen' (checked with Wiktionary),einzahlen,,,to deposit,ein/zahlen,to deposit,ein|zahlen,0.966
ch12-005,42,3a,OK,,Kontoauszug,der,die Kontoauszüge,bank statement,"der Kontoauszug, ""-e",bank statement,"der Kntoauszug, ""-e",0.98
ch12-006,42,3a,OK,,Rate,die,die Raten,rate,"die Rate, -n",rate,"die Rate, -n",0.988
ch12-007,42,3a,OK,,überziehen,,,to overdraw,"überziehen, er überzieht, úberzog, hat überzogen (Ich hoffe, ich muss mein Konto nie überziehen.)",to overdraw (I hope I don't have to overdraw my account.),"überziehen, er überzieht, überzog, hat überzogen (Ich hoffe, ich muss mein Konto nie überziehen.)",0.954
ch12-008,42,3a,OK,,Zins,der,die Zinsen,interest,"der Zins, -en",interest,"der Zns, -en",0.994
ch12-009,42,3b UB,WARN,WARN auto_corrected: 'anlgeben' -> 'angeben' (checked with Wiktionary),angeben,,,to state,"anlgeben, er gibt an, gab an, hat angegeben (Bitte geben Sie Ihren Namen an.)",to state (Please state your name.),"nlgeben, er gibt n, gab n, hat ngegeben (Bitte geben Sie Ihren Namen an.)",0.966
ch12-010,42,3b UB,OK,,Ausgabe,die,die Ausgaben,expense,"die Ausgabe, -n (Ich habe jeden Monat viele Ausgaben und am Ende fast kein Geld mehr.)",expense (I have a lot of expenses every month and hardly any money at the end of it.),"die Ausgabe, -n (Ich habe jeden Monat viele Ausgaben und am Ende fast kein Geld mehr.)",0.974
ch12-011,42,3b UB,WARN,WARN auto_corrected: 'BIC' -> 'BC' (checked with Wiktionary),BC,die,die BCs,SWIFT-BIC,"die BIC, -s",SWIFT-BIC,"die BC, -s",0.953
ch12-012,42,3b UB,OK,,Einnahme,die,die Einnahmen,revenue,"die Einnahme, -n",revenue,"die Einnahme, -n",0.982
ch12-013,43,3b UB,OK,,fällig,,,due,fällig,due,fällig,0.894
ch12-014,43,3b UB,OK,,fristgerecht,,,on time,fristgerecht,on time,frstgerecht,0.999
ch12-015,43,3b UB,OK,,IBAN,die,die IBANs,IBAN,"die IBAN,-s",IBAN,"die IBAN, -s",0.988
ch12-016,43,3b UB,OK,,monatlich,,,monthly,monatlich,monthly,monatlich,0.998
ch12-017,43,3b UB,OK,,Münze,die,die Münzen,coin,"die Münze, -n",coin,"die Mnze, -n",0.96
ch12-018,43,3b UB,OK,,Schein,der,die Scheine,bill,"der Schein, -e",bill,"der Schein, -e",0.96
ch12-019,43,3b UB,OK,,Schulden,die,die Schulden,debt,die Schulden (Pl.) (Er hat hohe Schulden bei der Bank.),debt (He has a lot of debt at the bank.),die Schlden (Pl.) (Er hat hohe Schulden bei der Bank.),0.986
ch12-020,43,3b UB,OK,,versäumen,,,to miss,versäumen,to miss,versäumen,0.943
ch12-021,43,3b UB,OK,,Zahlung,die,die Zahlungen,payment,"die Zahlung, -en",payment,"die Zahlung, -en",0.989
ch12-022,43,3c,WARN,WARN auto_corrected: 'abhángig' -> 'abhängig' (checked with Wiktionary),abhängig,,,dependent,abhángig,dependent,bhängig,0.927
ch12-023,43,3c,OK,,"je ..., desto ...",,,the ... the ....,"je ..., desto ...",the ... the ....,"je ., desto ...",0.888
ch12-024,43,3c,OK,,"je..., umso ...",,,the ... the ...,"je..., umso ...",the ... the ...,"je .., mso ...",0.922
ch12-025,43,3c,OK,,Kontoführungsgebühr,die,die Kontoführungsgebühren,account maintenance charge,"die Kontoführungsgebühr, -en",account maintenance charge,"die Kntoführungsgebühr, -en",0.975
ch12-026,43,3d,OK,,Grundform,die,die Grundformen,basic form,"die Grundform, -en",basic form,"die Grndform, -en",0.989
ch12-027,43,3d,ERROR,ERROR article_mismatch: article 'das' but Wiktionary says der,Qnline-Banking,das,,online banking,das Qnline-Banking (Sg.),online banking,das nline-Banking (Sg.),0.977
ch12-028,43,3e,OK,,Bankangestellte,der/die,die Bankangestellten,bank teller,"der/die Bankangestellte, -n",bank teller,"der/die Bnkangestellte, -n",0.994
ch12-029,43,3e,OK,,Bargeld,das,,cash,das Bargeld (Sg.),cash,das Bargeld (Sg.),0.958
ch12-030,43,3e,OK,,gering,,,small,gering,small,gerng,0.96
ch12-031,43,4a,WARN,WARN auto_corrected: 'auflnehmen' -> 'aufnehmen' (checked with Wiktionary),aufnehmen,,,to take out,"auflnehmen, er nimmt auf, nahm auf, hat aufgenommen (Ich möchte gern einen Kredit aufnehmen.)",to take out (I would like to take out a loan.),"aufInehmen, er nimmt auf, nahm auf, hat aufgenommen (Ich möchte gern einen Kredit aufnehmen.)",0.976
ch12-032,43,4a,OK,,Kleiderschrank,der,die Kleiderschränke,wardrobe,"der Kleiderschrank,""e",wardrobe,"der Kleiderschrank, ""-e",0.983
ch12-033,43,5a,WARN,WARN auto_corrected: 'anlfallen' -> 'anfallen' (checked with Wiktionary),anfallen,,,to arise,"anlfallen, er fällt an, fiel an, ist angefallen",to arise,"n|fallen, er fällt n, fiel n, ist ngefallen",0.972
ch12-034,43,5a,OK,,Ansicht,die,die Ansichten,prospect,"die Ansicht, -en (Die Ansicht können Sie auf der Webseite ándern.)",prospect (You can change the prospect on the website.),"die Ansicht, -en (Die Ansicht können Sie auf der Webseite ändern.)",0.958
ch12-035,43,5a,OK,,Benutzername,der,die Benutzernamen,user name,"der Benutzername, -n",user name,"der Bentzername, -n",0.996
ch12-036,43,5a,OK,,Dauerauftrag,der,die Daueraufträge,"recurring payment, standing order","der Dauerauftrag, ""-e","recurring payment, standing order","der Dauerauftrag, ""-e",0.989
ch12-037,43,5a,WARN,WARN auto_corrected: 'sich einlloggen' -> 'sich einloggen' (checked with Wiktionary),sich einloggen,,,to log in,einlloggen (sich),to log in,ein|loggen (sich),0.945
ch12-038,43,5a,WARN,WARN auto_corrected: 'einltragen' -> 'eintragen' (checked with Wiktionary),eintragen,,,to register,"einltragen, er trágt ein, trug ein, hat eingetragen",to register,"einltragen, er trägt ein, trug ein, hat eingetragen",0.973
ch12-039,43,5a,OK,,Fotoüberweisung,die,die Fotoüberweisungen,picture transfer,"die Fotoüberweisung, -en",picture transfer,"die Fotoüberweisung, -en",0.969
ch12-040,43,5a,OK,,Kontodaten,die,die Kontodaten,account information,die Kontodaten (Pl.),account information,die Kntodaten (Pl.),0.991
ch12-041,43,5a,OK,,Kontoübersicht,die,die Kontoübersichten,account overview,"die Kontoübersicht, -en",account overview,"die Kntoübersicht, -en",0.976
ch12-042,43,5a,ERROR,"ERROR unknown_word: 'In' not in Wiktionary; did you mean: n, Ion",Log-in,der,die Log-ins,log-in,"der Log-in, -s",log-in,"der Log-in, -s",0.982
ch12-043,43,5a,OK,,Menü,das,die Menüs,menu,"das Menü, s (Klicken Sie im Menü ""Start"" an.)","menu (Click ""Start"" in the menu.)","das Menü, -s (Klicken Sie im Menü ""Start"" an.)",0.954
ch12-044,43,5a,OK,,Standardübersicht,die,die Standardübersichten,standard overview,"die Standardübersicht, -en",standard overview,"die Stndardübersicht, -en",0.973
ch12-045,43,5c,WARN,WARN auto_corrected: 'gutlschreiben' -> 'gutschreiben' (checked with Wiktionary),gutschreiben,,,to credit,"gutlschreiben, er schreibt gut, schrieb gut, hat gutgeschrieben (einen Betrag auf dem Konto gutschreiben)",to credit (to credit an amount on the account),"gut|schreiben, er schreibt gut, schrieb gut, hat gutgeschrieben (einen Betrag auf dem Konto gutschreiben)",0.973
ch12-046,43,5c,OK,,Kontoeröffnung,die,die Kontoeröffnungen,account opening,"die Kontoeröffnung, -en",account opening,"die Kntoeröffnung, -en",0.987
ch12-047,43,5c,OK,,Kopie,die,die Kopien,copy,"die Kopie, -n",copy,"die Kopie, -n",0.975
ch12-048,43,5c,OK,,umgehend,,,immediate,umgehend,immediate,mgehend,0.998
ch12-049,43,5c,OK,,Verlust,der,die Verluste,loss,"der Verlust, -e",loss,"der Verlst, -e",0.931
ch12-050,43,5c,OK,,zudem,,,in addition,zudem,in addition,zudem,0.981
ch12-051,43,6a,OK,,global,,,global,global,global,global,0.999
ch12-052,43,6a,OK,,Globalisierung,die,,globalization,die Globalisierung (Sg.),globalization,die Globalisierung (Sg.),0.971
ch12-053,43,7a,OK,,Asien,,,Asia,Asien,Asia,Asien,0.999
ch12-054,43,7a,OK,,bedenken,,,to consider,"bedenken, er bedenkt, bedachte, hat bedacht",to consider,"bednken, er bednkt, bedchte, hat bedcht",0.994
ch12-055,43,7a,OK,,Bekämpfung,die,,combat,die Bekämpfung (Sg.),combat,die Bekmpfung (Sg.),0.979
ch12-056,44,7a,OK,,contra,,,con,contra,con,cntra,1.0
ch12-057,44,7a,OK,,Forschung,die,die Forschungen,research,"die Forschung, -en",research,"die Forschung, -en",0.956
ch12-058,44,7a,OK,,Handyhersteller,der,die Handyhersteller,mobile phone manufacturer,"der Handyhersteller, -",mobile phone manufacturer,"der Hndyhersteller, -",0.993
ch12-059,44,7a,OK,,irgendwo,,,somewhere,irgendwo,somewhere,rgendwo,0.983
ch12-060,44,7a,OK,,Irrsinn,der,,insanity,der Irrsinn (Sg.),insanity,der rrsinn (Sg.),0.982
ch12-061,44,7a,OK,,Konsument,der,die Konsumenten,consumer (m),"der Konsument, -en",consumer (m),"der Konsumnt, -en",0.992
ch12-062,44,7a,OK,,Konsumentin,die,die Konsumentinnen,consumer (f),"die Konsumentin, -nen",consumer (f),"die Konsumntin, -nen",0.978
ch12-063,44,7a,OK,,nützen,,,to be of use,nützen (Die Globalisierung nützt allen.),to be of use (The globalization is of use to everyone.),ntzen (Die Globalisierung nützt allen.),0.989
ch12-064,44,7a,OK,,pauschal,,,across-the-board,pauschal,across-the-board,pauschal,0.999
ch12-065,44,7a,OK,,Pluspunkt,der,die Pluspunkte,advantage,"der Pluspunkt, -e",advantage,"der Plspunkt, -e",0.989
ch12-066,44,7a,OK,,pro,,,pro,pro (Sind Sie pro oder contra Globalisierung?),pro (Are you pro or con globalization?),pro (Sind Sie pro oder contra Globalisierung?),0.99
ch12-067,44,7a,OK,,problematisch,,,problematic,problematisch,problematic,problematisch,0.998
ch12-068,44,7a,OK,,Produktangebot,das,die Produktangebote,range of offered products,"das Produktangebot, -e",range of offered products,"das Prodktangebot, -e",0.991
ch12-069,44,7a,OK,,profitieren,,,to profit,profitieren (von + D.),to profit,profitieren (von + D.),0.979
ch12-070,44,7a,OK,,Sicht,die,,view,die Sicht (Sg.) (Aus meiner Sicht ist der heutige Konsum echter Irrsinn.),view (From my point of view the current consumption is actual insanity.),die Scht (Sg.) (Aus meiner Sicht ist der heutige Konsum echter Irrsinn.),0.992
ch12-071,44,7a,OK,,teilweise,,,partly,teilweise,partly,teilweise,0.999
ch12-072,44,7a,OK,,überleben,,,to survive,überleben,to survive,überleben,0.974
ch12-073,44,7a,OK,,überzeugend,,,convincing,überzeugend,convincing,überzeugend,0.958
ch12-074,44,7a,WARN,WARN auto_corrected: 'Vmweltproblem' -> 'Umweltproblem' (checked with Wiktionary),Umweltproblem,das,die Umweltprobleme,environmental problem,"das Vmweltproblem, -e",environmental problem,"das mweltproblem, -e",0.945
ch12-075,44,7a,OK,,Verbraucher,der,die Verbraucher,user (m),"der Verbraucher, -",user (m),"der Verbraucher, -",0.968
ch12-076,44,7a,OK,,Verbraucherin,die,die Verbraucherinnen,user (f),"die Verbraucherin, -nen",user (f),"die Verbraucherin, -nen",0.97
ch12-077,44,7a,OK,,verlegen,,,to move,verlegen (die Produktion ins Ausland verlegen),to move (to move production abroad),verlegen (die Produktion ins Ausland verlegen),0.998
ch12-078,44,7a,OK,,Weltmarkt,der,,world market,der Weltmarkt (Sg.),world market,der Wltmarkt (Sg.),0.986
ch12-079,44,7a,OK,,Wissenschaft,die,die Wissenschaften,science,"die Wissenschaft, -en",science,"die Wssenschaft, -en",0.974
ch12-080,44,7a,OK,,Wohlstand,der,,prosperity,der Wohlstand (Sg.),prosperity,der Wohlstand (Sg.),0.993
ch12-081,44,7a,OK,,wünschenswert,,,preferable,wünschenswert,preferable,wnschenswert,0.984
ch12-082,44,9a,OK,,Versprechen,das,die Versprechen,promise,"das Versprechen, -",promise,"das Verspręchen, -",0.964
ch12-083,44,9a,OK,,Wortakzent,der,die Wortakzente,lexical stress,"der Wortakzent, -e",lexical stress,"der Wrtakzent, -e",0.985
ch12-084,44,9a,OK,,Wortstamm,der,die Wortstämme,root word,"der Wortstamm, ""e",root word,"der Wrtstamm, ""-e",0.991
ch12-085,44,9c,OK,,Geldbetrag,der,die Geldbeträge,sum of money,"der Geldbetrag, ""-e",sum of money,"der Gldbetrag, ""-e",0.983
ch12-086,44,10a,OK,,basieren,,,to be based on,basieren (auf + D.),to be based on,basieren (auf + D.),0.999
ch12-087,44,10a,OK,,betrügen,,,to cheat,"betrügen, er betrügt, betrog, hat betrogen",to cheat,"betrügen, er betrügt, betrog, hat betrogen",0.982
ch12-088,44,10a,OK,,drin sein,,,to be in,drin sein,to be in,drn sein,1.0
ch12-089,44,10a,WARN,WARN auto_corrected: 'einlwerfen' -> 'einwerfen' (checked with Wiktionary),einwerfen,,,to insert,"einlwerfen, er wirft ein, warf ein, hat eingeworfen",to insert,"ein|werfen, er wirft ein, warf ein, hat eingeworfen",0.997
ch12-090,44,10a,OK,,Gewissen,das,die Gewissen,conscience,"das Gewissen, -",conscience,"das Gewissen, -",0.955
ch12-091,44,10a,OK,,Gewissensfrage,die,die Gewissensfragen,question of conscience,"die Gewissensfrage, -n",question of conscience,"die Gewssensfrage, -n",0.997
ch12-092,44,10a,OK,,Kasten,der,die Kästen,box,"der Kasten, """,box,"der Ksten, ""-",0.997
ch12-093,44,10a,ERROR,ERROR unknown_word: 'Kieingeld' not in Wiktionary,Kieingeld,das,,small change,das Kieingeld (Sg.),small change,das Kieingeld (Sg.),0.979
ch12-094,44,10a,WARN,WARN auto_corrected: 'nachlprüfen' -> 'nachprüfen' (checked with Wiktionary),nachprüfen,,,to check,nachlprüfen,to check,nach|prüfen,0.938
ch12-095,44,10a,WARN,WARN ocr_low_confidence: OCR confidence 0.81 < 0.85,Staub der Vorwurf,der,die Staub der Vorwürfe,1snp,"der Staub (Sg.) der Vorwurf, ""-e (Niemand kann mir einen accusation (Nobody can accuse me, right?) Vorwurf machen, oder?)",1snp,"der Staub (Sg.) der Vorwurf, ""-e (Niemand kann mir einen accusation (Nobody can accuse me, right?) Vorwurf machen, oder?)",0.81
ch12-096,44,10a,ERROR,ERROR unknown_word: 'weiterverschenken' not in Wiktionary,weiterverschenken,,,to pass on as a gift,weiterverschenken,to pass on as a gift,weiterlverschenken,0.988
ch12-097,44,10a,WARN,WARN plural_missing: noun has a comma but no plural code (OCR may have dropped it),Zeitungskasten,der,,newspaper rack,"der Zeitungskasten,",newspaper rack,"der Zeitungskasten,",0.999
ch12-098,44,10c,OK,,befürworten,,,to agree with,befürworten,to agree with,befürworten,0.98
ch12-099,44,10c,OK,,Blickkontakt,der,die Blickkontakte,eye contact,"der Blickkontakt, -e",eye contact,"der Blckkontakt, -e",0.989
ch12-100,44,10c,OK,,sich räuspern,,,to clear one's throat,räuspern (sich),to clear one's throat,räuspern (sich),0.948
ch12-101,45,10c,OK,,tolerieren,,,to tolerate,tolerieren,to tolerate,tolerieren,0.967
ch12-102,45,10c,OK,,unmöglich,,,impossible,unmöglich,impossible,unmöglich,0.947
ch12-103,45,10c,OK,,Wort,das,die Worte,word,"das Wort, -e (Lass doch auch die anderen zu Wort kommen!)",word (Let the others get a word in!),"das Wrt, -e (Lass doch auch die anderen zu Wort kommen!)",0.965
ch12-104,45,10d,OK,,fort,,,gone,fort,gone,fort,1.0
ch12-105,45,10d,OK,,merken,,,to notice,"merken (Er merkt nach dem Einkaufen, dass die Milch nicht berechnet wurde.)",to notice (He notices after shopping that they didn't charge him for the milk.),"mrken (Er merkt nach dem Einkaufen, dass die Milch nicht berechnet wurde.)",0.965
ch12-106,45,11b,WARN,WARN auto_corrected: 'auslziehen' -> 'ausziehen' (checked with Wiktionary),ausziehen,,,to move out of,"auslziehen, er zieht aus, zog aus, ist ausgezogen (Wann zieht ihr aus der Wohnung aus?)",to move out of (When are you moving out of the flat?),"aus|ziehen, er zieht aus, zog aus, ist ausgezogen (Wann zieht ihr aus der Wohnung aus?)",0.98
ch12-107,45,11b,OK,,beten,,,to pray,beten,to pray,beten,0.999
ch12-108,45,11b,OK,,damalig,,,"bygone, past",damalig,"bygone, past",damalig,0.955
ch12-109,45,11b,OK,,Entstehungszeit,die,die Entstehungszeiten,time of origin,"die Entstehungszeit, -en",time of origin,"die Entstehungszeit, -en",0.995
ch12-110,45,11b,OK,,fortschrittlich,,,progressive,fortschrittlich,progressive,fortschrittlich,1.0
ch12-111,45,11b,OK,,geraten,,,to fall into,"geraten, er gerát, geriet, ist geraten",to fall into,"geraten, er gerät, geriet, ist geraten",0.989
ch12-112,45,11b,OK,,Immobilie,die,die Immobilien,real estate,"die Immobilie, -n",real estate,"die Immobįlie, -n",0.976
ch12-113,45,11b,OK,,Jahresmiete,die,die Jahresmieten,yearly rent,"die Jahresmiete, -n",yearly rent,"die Jahresmiete, -n",0.988
ch12-114,45,11b,OK,,katholisch,,,Catholic,katholisch,Catholic,katholisch,0.999
ch12-115,45,11b,OK,,Kaufmannsfamilie,die,die Kaufmannsfamilien,merchant family,"die Kaufmannsfamilie, -n",merchant family,"die Kaufmannsfamilie, -n",0.996
ch12-116,45,11b,OK,,Konzeption,die,die Konzeptionen,"idea, conception","die Konzeption, -en","idea, conception","die Konzeption, -en",0.993
ch12-117,45,11b,ERROR,ERROR unknown_word: 'Nachtwáchter' not in Wiktionary,Nachtwáchter,der,die Nachtwáchter,night watchman,"der Nachtwáchter, -",night watchman,"der Nchtwächter, -",0.953
ch12-118,45,11b,WARN,WARN english_spelling: unknown English word(s): watchwoman,Nachtwächterin,die,die Nachtwächterinnen,night watchwoman,"die Nachtwächterin, -nen",night watchwoman,"die Nchtwächterin, -nen",0.979
ch12-119,45,11b,OK,,Originalzustand,der,die Originalzustände,original condition,"der Originalzustand, ""-e",original condition,"der Originalzustand, ""-e",0.987
ch12-120,45,11b,OK,,Schuld,die,,fault,die schuld (Sg.) (Sie ist ohne Schuld in Not geraten.),fault (She got into trouble without any fault of her own.),die Schld (Sg.) (Sie ist ohne Schuld in Not geraten.),0.992
ch12-121,45,11b,OK,,Selbsthilfe,die,,self-help,die Selbsthilfe (Sg.),self-help,die Šęlbsthilfe (Sg.),0.978
ch12-122,45,11b,OK,,Siedlung,die,die Siedlungen,"settlement, housing scheme","die Siedlung, -en","settlement, housing scheme","die Siedlung, -en",0.992
ch12-123,45,11b,OK,,Sozialsiedlung,die,die Sozialsiedlungen,social housing project,"die Sozialsiedlung, -en",social housing project,"die Sozialsiedlung, -en",0.989
ch12-124,45,11b,OK,,Stadtmauer,die,die Stadtmauern,city wall,"die Stadtmauer, -n",city wall,"die Stdtmauer, -n",0.986
ch12-125,45,11b,OK,,stammen,,,to originate (from),stammen (aus + D.),to originate (from),stmmen (aus + D.),0.998
ch12-126,45,11b,OK,,Stiftungsvermögen,das,die Stiftungsvermögen,endowment capital,"das Stiftungsvermögen, -",endowment capital,"das Stftungsvermögen, -",0.968
ch12-127,45,11b,OK,,symbolisch,,,symbolic,symbolisch,symbolic,symbolisch,0.995
ch12-128,45,11b,OK,,touristisch,,,touristic,touristisch,touristic,touristisch,0.99
ch12-129,45,11b,OK,,Urgroßvater,der,die Urgroßväter,great-grandfather,"der UrgroBvater, ""-",great-grandfather,"der Urgroßvater, ""-",0.943
ch12-130,45,11b,OK,,zusätzlich,,,additional,zusätzlich,additional,zusätzlich,0.949
ch12-131,45,11b,OK,,Zustand,der,die Zustände,state,"der Zustand, ""e (eine Wohnung im Originalzustand)",state (a flat in the original state),"der Zustand, ""-e (eine Wohnung im Originalzustand)",0.994
ch12-132,45,11e,OK,,wohltätig,,,benevolent,wohltätig,benevolent,wohltätig,0.94
ch12-133,45,11e,OK,,k&k einlleiten,,,"to introduce, to initiate",k&k einlleiten,"to introduce, to initiate",k&k ein|leiten,0.992
